snapshot_id,created_at,company,role,workflow_type,source_command,archive_reason,lane,questions_present,question_count,relative_path,job_description_sha256,application_questions_sha256
20260806_182737_Rippling_Implementation_Consultant_Platform_Data_e6a0a4d5,2026-08-06T18:27:37,Rippling,Implementation Consultant (Platform & Data),commercial,resume,command_auto_archive,customer_success,false,0,20260806_182737_Rippling_Implementation_Consultant_Platform_Data_e6a0a4d5,35cb5785cd8d3ccfb2d0b9e5159455a37409b6660253306aadf1459088ef04da,0c38ca6f6965643d0c64d93216ab2cf8fca7ef42d3d3037504c6b3d3ca5eee63
20260806_181545_Rippling_Implementation_Specialist_Platform_25f0b8a2,2026-08-06T18:15:45,Rippling,"Implementation Specialist, Platform",commercial,resume,command_auto_archive,customer_success,false,0,20260806_181545_Rippling_Implementation_Specialist_Platform_25f0b8a2,95d1a88f7296afd302bddc938fbac53afa962d115c405dbc58378f4bc4eab869,0c38ca6f6965643d0c64d93216ab2cf8fca7ef42d3d3037504c6b3d3ca5eee63
20260806_175544_Rippling_Implementation_Manager_Consultative_Mid-Market_9b69d67a,2026-08-06T17:55:44,Rippling,"Implementation Manager, Consultative (Mid-Market)",commercial,resume,command_auto_archive,implementation_delivery,false,0,20260806_175544_Rippling_Implementation_Manager_Consultative_Mid-Market_9b69d67a,cbfcdf981591faa8f0d69fb5f9d2a837412d972aaa60e3b23e297c43aaa48960,0c38ca6f6965643d0c64d93216ab2cf8fca7ef42d3d3037504c6b3d3ca5eee63
20260806_174332_Rippling_Implementation_Manager_PEO_HRS_f085dcb6,2026-08-06T17:43:32,Rippling,"Implementation Manager, PEO HRS",commercial,resume,command_auto_archive,implementation_delivery,false,0,20260806_174332_Rippling_Implementation_Manager_PEO_HRS_f085dcb6,85df0adc1a0e3127b296f6fc515f76e4bb764be3fd56ea3bf50804457501b15b,0c38ca6f6965643d0c64d93216ab2cf8fca7ef42d3d3037504c6b3d3ca5eee63
20260806_152257_Paylocity_Client_Project_Manager_Ops_931aca9f,2026-08-06T15:22:57,Paylocity,Client Project Manager Ops,commercial,resume,command_auto_archive,program_delivery,false,0,20260806_152257_Paylocity_Client_Project_Manager_Ops_931aca9f,d2551a5e861b8523c3594868625dc1a9ca9c810495512bf2ade261d11a366f56,0c38ca6f6965643d0c64d93216ab2cf8fca7ef42d3d3037504c6b3d3ca5eee63
20260806_150155_Paylocity_Project_Manager_Release_Operations_Ops_ad8a5583,2026-08-06T15:01:55,Paylocity,Project Manager Release Operations Ops,commercial,resume,command_auto_archive,program_delivery,false,0,20260806_150155_Paylocity_Project_Manager_Release_Operations_Ops_ad8a5583,13215230c66c077c6a5a9cb5ef77117cbf6086601a05a5f08a7a6b229c6e0c23,0c38ca6f6965643d0c64d93216ab2cf8fca7ef42d3d3037504c6b3d3ca5eee63
20260806_133647_Paylocity_Senior_IT_Project_Manager_Enterprise_Applications_43e8e167,2026-08-06T13:36:47,Paylocity,Senior IT Project Manager Enterprise Applications,commercial,resume,command_auto_archive,program_delivery,false,0,20260806_133647_Paylocity_Senior_IT_Project_Manager_Enterprise_Applications_43e8e167,15a138fead6435cb814557723eb1ab1c207e230f305932665d40b0e99802ffdd,0c38ca6f6965643d0c64d93216ab2cf8fca7ef42d3d3037504c6b3d3ca5eee63
20260805_232218_Celigo_Senior_Manager_Technical_Delivery_5a53835a,2026-08-05T23:22:18,Celigo,"Senior Manager, Technical Delivery",commercial,resume,command_auto_archive,program_delivery,false,0,20260805_232218_Celigo_Senior_Manager_Technical_Delivery_5a53835a,9e4823e7c8cbe1a5cfa5198259a15181e36b7f634b4bcffd51729d1584142dd5,0c38ca6f6965643d0c64d93216ab2cf8fca7ef42d3d3037504c6b3d3ca5eee63
20260805_222324_Kamstrup_Customer_Technical_Project_Manager_55cd2131,2026-08-05T22:23:24,Kamstrup,Customer Technical Project Manager,commercial,resume,command_auto_archive,program_delivery,false,0,20260805_222324_Kamstrup_Customer_Technical_Project_Manager_55cd2131,afe79d28a477b8cb7b725b1129c813ae4473da081124dd767b34015a067dc79a,0c38ca6f6965643d0c64d93216ab2cf8fca7ef42d3d3037504c6b3d3ca5eee63
20260805_203805_Cox_Business_Intelligence_Senior_Analyst_45dbc3bc,2026-08-05T20:38:05,Cox,Business Intelligence Senior Analyst,commercial,resume,command_auto_archive,analytics_operations,false,0,20260805_203805_Cox_Business_Intelligence_Senior_Analyst_45dbc3bc,244144fd08f051300c40693c80d84e46f563b3d8e305959e0eadb55300eb613e,0c38ca6f6965643d0c64d93216ab2cf8fca7ef42d3d3037504c6b3d3ca5eee63
20260805_182951_Cox_Analyst_II_Marketing_Analytics_cc97859a,2026-08-05T18:29:51,Cox,"Analyst II, Marketing Analytics",commercial,resume,command_auto_archive,analytics_operations,false,0,20260805_182951_Cox_Analyst_II_Marketing_Analytics_cc97859a,2745c430faf8c5d2706c9d514b3f33b26724ee79644826b7c0449c31bd7b2d1d,0c38ca6f6965643d0c64d93216ab2cf8fca7ef42d3d3037504c6b3d3ca5eee63
20260805_175106_Cox_Client_Solutions_Consultant_II_64e19455,2026-08-05T17:51:06,Cox,Client Solutions Consultant II,commercial,resume,command_auto_archive,implementation_delivery,false,0,20260805_175106_Cox_Client_Solutions_Consultant_II_64e19455,d1434c862cd0028669ebf5dba14d74d912d5f9f0d0a41030a73d54fcd55fecb3,0c38ca6f6965643d0c64d93216ab2cf8fca7ef42d3d3037504c6b3d3ca5eee63
20260804_222600_QTS_Process_Manager_Real_Estate_Program_Management_b6c8cd60,2026-08-04T22:26:00,QTS,"Process Manager, Real Estate Program Management",commercial,resume,command_auto_archive,program_delivery,false,0,20260804_222600_QTS_Process_Manager_Real_Estate_Program_Management_b6c8cd60,4f7e4371c784b6c287efef3dd9cc44e786a6b870c8326680ffdfceb262d01163,0c38ca6f6965643d0c64d93216ab2cf8fca7ef42d3d3037504c6b3d3ca5eee63
20260804_142137_Automation_Direct_ERP_Administrator_9ba2ee2e,2026-08-04T14:21:37,Automation Direct,ERP Administrator,commercial,interview,command_auto_archive,implementation_delivery,false,0,20260804_142137_Automation_Direct_ERP_Administrator_9ba2ee2e,05d410d8656a3b7974f776f4c9ece2bb574416383f586996efdd19438bc02ec4,0c38ca6f6965643d0c64d93216ab2cf8fca7ef42d3d3037504c6b3d3ca5eee63
20260804_141944_Advantive_Technical_Consultant_6936b4f3,2026-08-04T14:19:44,Advantive,Technical Consultant,commercial,jd-archive,manual_archive,implementation_delivery,false,0,20260804_141944_Advantive_Technical_Consultant_6936b4f3,9441ae2f4ed617d0bae9dee52c9a600abc51e2fad057927a281425d31506ed1f,0c38ca6f6965643d0c64d93216ab2cf8fca7ef42d3d3037504c6b3d3ca5eee63
20260802_202425_Advantive_Technical_Consultant_72827391,2026-08-02T20:24:25,Advantive,Implementation Consultant,commercial,guide,command_auto_archive,implementation_delivery,false,0,20260802_202425_Advantive_Technical_Consultant_72827391,9441ae2f4ed617d0bae9dee52c9a600abc51e2fad057927a281425d31506ed1f,0c38ca6f6965643d0c64d93216ab2cf8fca7ef42d3d3037504c6b3d3ca5eee63
20260802_202210_Advantive_Technical_Consultant_8ed0e607,2026-08-02T20:22:10,Advantive,Implementation Consultant,commercial,interview,command_auto_archive,implementation_delivery,false,0,20260802_202210_Advantive_Technical_Consultant_8ed0e607,9441ae2f4ed617d0bae9dee52c9a600abc51e2fad057927a281425d31506ed1f,0c38ca6f6965643d0c64d93216ab2cf8fca7ef42d3d3037504c6b3d3ca5eee63
20260802_185712_Advantive_Technical_Consultant_768493de,2026-08-02T18:57:12,Advantive,Implementation Consultant,commercial,guide,command_auto_archive,implementation_delivery,false,0,20260802_185712_Advantive_Technical_Consultant_768493de,9441ae2f4ed617d0bae9dee52c9a600abc51e2fad057927a281425d31506ed1f,0c38ca6f6965643d0c64d93216ab2cf8fca7ef42d3d3037504c6b3d3ca5eee63
20260802_185540_Advantive_Technical_Consultant_aadc45e8,2026-08-02T18:55:40,Advantive,Implementation Consultant,commercial,interview,command_auto_archive,implementation_delivery,false,0,20260802_185540_Advantive_Technical_Consultant_aadc45e8,9441ae2f4ed617d0bae9dee52c9a600abc51e2fad057927a281425d31506ed1f,0c38ca6f6965643d0c64d93216ab2cf8fca7ef42d3d3037504c6b3d3ca5eee63
20260802_182938_Advantive_Technical_Consultant_19e9d774,2026-08-02T18:29:38,Advantive,Implementation Consultant,commercial,guide,command_auto_archive,implementation_delivery,false,0,20260802_182938_Advantive_Technical_Consultant_19e9d774,9441ae2f4ed617d0bae9dee52c9a600abc51e2fad057927a281425d31506ed1f,0c38ca6f6965643d0c64d93216ab2cf8fca7ef42d3d3037504c6b3d3ca5eee63
20260802_182058_Advantive_Technical_Consultant_6ca1b4ba,2026-08-02T18:20:58,Advantive,Implementation Consultant,commercial,guide,command_auto_archive,implementation_delivery,false,0,20260802_182058_Advantive_Technical_Consultant_6ca1b4ba,9441ae2f4ed617d0bae9dee52c9a600abc51e2fad057927a281425d31506ed1f,0c38ca6f6965643d0c64d93216ab2cf8fca7ef42d3d3037504c6b3d3ca5eee63
20260802_181811_Advantive_Technical_Consultant_16af29ed,2026-08-02T18:18:11,Advantive,Implementation Consultant,commercial,interview,command_auto_archive,implementation_delivery,false,0,20260802_181811_Advantive_Technical_Consultant_16af29ed,9441ae2f4ed617d0bae9dee52c9a600abc51e2fad057927a281425d31506ed1f,0c38ca6f6965643d0c64d93216ab2cf8fca7ef42d3d3037504c6b3d3ca5eee63
20260802_180554_Advantive_Technical_Consultant_893e8f6a,2026-08-02T18:05:54,Advantive,Implementation Consultant,commercial,interview,command_auto_archive,implementation_delivery,false,0,20260802_180554_Advantive_Technical_Consultant_893e8f6a,9441ae2f4ed617d0bae9dee52c9a600abc51e2fad057927a281425d31506ed1f,0c38ca6f6965643d0c64d93216ab2cf8fca7ef42d3d3037504c6b3d3ca5eee63
20260802_180541_Advantive_Technical_Consultant_ff96940f,2026-08-02T18:05:41,Advantive,Implementation Consultant,commercial,trace_backfill,trace_backfill,implementation_delivery,false,0,20260802_180541_Advantive_Technical_Consultant_ff96940f,9441ae2f4ed617d0bae9dee52c9a600abc51e2fad057927a281425d31506ed1f,
20260731_223823_Advantive_Technical_Consultant_64eb3f45,2026-07-31T22:38:23,Advantive,Implementation Consultant,commercial,resume,command_auto_archive,implementation_delivery,false,0,20260731_223823_Advantive_Technical_Consultant_64eb3f45,9441ae2f4ed617d0bae9dee52c9a600abc51e2fad057927a281425d31506ed1f,0c38ca6f6965643d0c64d93216ab2cf8fca7ef42d3d3037504c6b3d3ca5eee63
20260731_223818_Automation_Direct_ERP_Administrator_eeb7c513,2026-07-31T22:38:18,Automation Direct,Implementation Consultant,commercial,trace_backfill,trace_backfill,implementation_delivery,false,0,20260731_223818_Automation_Direct_ERP_Administrator_eeb7c513,69879f3ac2886788d328708bc725b5bbbf73891131bf7f9cbc0258ffb09bfb89,
20260731_140122_Automation_Direct_ERP_Administrator_69c99239,2026-07-31T14:01:22,Automation Direct,Implementation Consultant,commercial,resume,command_auto_archive,implementation_delivery,false,0,20260731_140122_Automation_Direct_ERP_Administrator_69c99239,69879f3ac2886788d328708bc725b5bbbf73891131bf7f9cbc0258ffb09bfb89,0c38ca6f6965643d0c64d93216ab2cf8fca7ef42d3d3037504c6b3d3ca5eee63
20260731_135409_Automation_Direct_ERP_Administrator_a4947bc2,2026-07-31T13:54:09,Automation Direct,Implementation Consultant,commercial,resume,command_auto_archive,implementation_delivery,false,0,20260731_135409_Automation_Direct_ERP_Administrator_a4947bc2,69879f3ac2886788d328708bc725b5bbbf73891131bf7f9cbc0258ffb09bfb89,0c38ca6f6965643d0c64d93216ab2cf8fca7ef42d3d3037504c6b3d3ca5eee63
20260731_121638_Procare_Solutions_Implementation_Manager_-_ChildPlus_85de258a,2026-07-31T12:16:38,Procare Solutions,Implementation Consultant,commercial,guide,command_auto_archive,implementation_delivery,false,0,20260731_121638_Procare_Solutions_Implementation_Manager_-_ChildPlus_85de258a,240431c632d32eb208aa514466eb07ac1473e838ba421aff3efeecf0db4ac1c6,0c38ca6f6965643d0c64d93216ab2cf8fca7ef42d3d3037504c6b3d3ca5eee63
20260731_121415_Procare_Solutions_Implementation_Manager_-_ChildPlus_a92ced2a,2026-07-31T12:14:15,Procare Solutions,Implementation Consultant,commercial,interview,command_auto_archive,implementation_delivery,false,0,20260731_121415_Procare_Solutions_Implementation_Manager_-_ChildPlus_a92ced2a,240431c632d32eb208aa514466eb07ac1473e838ba421aff3efeecf0db4ac1c6,0c38ca6f6965643d0c64d93216ab2cf8fca7ef42d3d3037504c6b3d3ca5eee63
20260731_121407_Procare_Solutions_Implementation_Manager_-_ChildPlus_d6cb0b0c,2026-07-31T12:14:07,Procare Solutions,Implementation Consultant,commercial,trace_backfill,trace_backfill,implementation_delivery,false,0,20260731_121407_Procare_Solutions_Implementation_Manager_-_ChildPlus_d6cb0b0c,240431c632d32eb208aa514466eb07ac1473e838ba421aff3efeecf0db4ac1c6,
20260731_115559_Procare_Solutions_Implementation_Manager_-_ChildPlus_957ca8c2,2026-07-31T11:55:59,Procare Solutions,Implementation Consultant,commercial,resume,command_auto_archive,implementation_delivery,false,0,20260731_115559_Procare_Solutions_Implementation_Manager_-_ChildPlus_957ca8c2,240431c632d32eb208aa514466eb07ac1473e838ba421aff3efeecf0db4ac1c6,0c38ca6f6965643d0c64d93216ab2cf8fca7ef42d3d3037504c6b3d3ca5eee63
20260730_003531_Aptean_ERP_Consultant_38dc2514,2026-07-30T00:35:31,Aptean,Implementation Consultant,commercial,cover,command_auto_archive,implementation_delivery,false,0,20260730_003531_Aptean_ERP_Consultant_38dc2514,f64f776dd4fa68ddfdb391bc70676ee5476e47c4ab3debfe9e2018237cf72311,0c38ca6f6965643d0c64d93216ab2cf8fca7ef42d3d3037504c6b3d3ca5eee63
20260730_003303_Aptean_ERP_Consultant_e7ee4ff6,2026-07-30T00:33:03,Aptean,Implementation Consultant,commercial,cover,command_auto_archive,implementation_delivery,false,0,20260730_003303_Aptean_ERP_Consultant_e7ee4ff6,f64f776dd4fa68ddfdb391bc70676ee5476e47c4ab3debfe9e2018237cf72311,0c38ca6f6965643d0c64d93216ab2cf8fca7ef42d3d3037504c6b3d3ca5eee63
20260730_002952_Aptean_ERP_Consultant_8b4274d4,2026-07-30T00:29:52,Aptean,Implementation Consultant,commercial,qualifications,command_auto_archive,implementation_delivery,false,0,20260730_002952_Aptean_ERP_Consultant_8b4274d4,f64f776dd4fa68ddfdb391bc70676ee5476e47c4ab3debfe9e2018237cf72311,0c38ca6f6965643d0c64d93216ab2cf8fca7ef42d3d3037504c6b3d3ca5eee63
20260730_002949_Aptean_ERP_Consultant_841f403a,2026-07-30T00:29:49,Aptean,Implementation Consultant,commercial,cover,command_auto_archive,implementation_delivery,false,0,20260730_002949_Aptean_ERP_Consultant_841f403a,f64f776dd4fa68ddfdb391bc70676ee5476e47c4ab3debfe9e2018237cf72311,0c38ca6f6965643d0c64d93216ab2cf8fca7ef42d3d3037504c6b3d3ca5eee63
20260729_234511_Aptean_ERP_Consultant_c49696a3,2026-07-29T23:45:11,Aptean,Implementation Consultant,commercial,resume,command_auto_archive,implementation_delivery,false,0,20260729_234511_Aptean_ERP_Consultant_c49696a3,f64f776dd4fa68ddfdb391bc70676ee5476e47c4ab3debfe9e2018237cf72311,0c38ca6f6965643d0c64d93216ab2cf8fca7ef42d3d3037504c6b3d3ca5eee63
20260729_204758_Aptean_ERP_Consultant_38bd4a06,2026-07-29T20:47:58,Aptean,Implementation Consultant,commercial,resume,command_auto_archive,implementation_delivery,false,0,20260729_204758_Aptean_ERP_Consultant_38bd4a06,f64f776dd4fa68ddfdb391bc70676ee5476e47c4ab3debfe9e2018237cf72311,0c38ca6f6965643d0c64d93216ab2cf8fca7ef42d3d3037504c6b3d3ca5eee63
20260729_203840_Aptean_ERP_Consultant_43e6d2f3,2026-07-29T20:38:40,Aptean,Implementation Consultant,commercial,resume,command_auto_archive,implementation_delivery,false,0,20260729_203840_Aptean_ERP_Consultant_43e6d2f3,f64f776dd4fa68ddfdb391bc70676ee5476e47c4ab3debfe9e2018237cf72311,0c38ca6f6965643d0c64d93216ab2cf8fca7ef42d3d3037504c6b3d3ca5eee63
20260729_202550_Aptean_ERP_Consultant_753027c7,2026-07-29T20:25:50,Aptean,Implementation Consultant,commercial,resume,command_auto_archive,implementation_delivery,false,0,20260729_202550_Aptean_ERP_Consultant_753027c7,f64f776dd4fa68ddfdb391bc70676ee5476e47c4ab3debfe9e2018237cf72311,0c38ca6f6965643d0c64d93216ab2cf8fca7ef42d3d3037504c6b3d3ca5eee63
20260729_201953_Aptean_ERP_Consultant_d357de99,2026-07-29T20:19:53,Aptean,Implementation Consultant,commercial,resume,command_auto_archive,implementation_delivery,false,0,20260729_201953_Aptean_ERP_Consultant_d357de99,f64f776dd4fa68ddfdb391bc70676ee5476e47c4ab3debfe9e2018237cf72311,0c38ca6f6965643d0c64d93216ab2cf8fca7ef42d3d3037504c6b3d3ca5eee63
20260729_193158_Aptean_ERP_Consultant_dc43b680,2026-07-29T19:31:58,Aptean,Implementation Consultant,commercial,resume,command_auto_archive,implementation_delivery,false,0,20260729_193158_Aptean_ERP_Consultant_dc43b680,f64f776dd4fa68ddfdb391bc70676ee5476e47c4ab3debfe9e2018237cf72311,0c38ca6f6965643d0c64d93216ab2cf8fca7ef42d3d3037504c6b3d3ca5eee63
20260729_192719_Aptean_ERP_Consultant_ecf7e7d1,2026-07-29T19:27:19,Aptean,Implementation Consultant,commercial,resume,command_auto_archive,implementation_delivery,false,0,20260729_192719_Aptean_ERP_Consultant_ecf7e7d1,f64f776dd4fa68ddfdb391bc70676ee5476e47c4ab3debfe9e2018237cf72311,0c38ca6f6965643d0c64d93216ab2cf8fca7ef42d3d3037504c6b3d3ca5eee63
20260729_191745_Aptean_ERP_Consultant_d394af19,2026-07-29T19:17:45,Aptean,Implementation Consultant,commercial,resume,command_auto_archive,implementation_delivery,false,0,20260729_191745_Aptean_ERP_Consultant_d394af19,f64f776dd4fa68ddfdb391bc70676ee5476e47c4ab3debfe9e2018237cf72311,0c38ca6f6965643d0c64d93216ab2cf8fca7ef42d3d3037504c6b3d3ca5eee63
20260729_190957_Aptean_ERP_Consultant_0463523a,2026-07-29T19:09:57,Aptean,Implementation Consultant,commercial,resume,command_auto_archive,implementation_delivery,false,0,20260729_190957_Aptean_ERP_Consultant_0463523a,f64f776dd4fa68ddfdb391bc70676ee5476e47c4ab3debfe9e2018237cf72311,0c38ca6f6965643d0c64d93216ab2cf8fca7ef42d3d3037504c6b3d3ca5eee63
20260729_190800_Aptean_ERP_Consultant_8258426c,2026-07-29T19:08:00,Aptean,Implementation Consultant,commercial,resume,command_auto_archive,implementation_delivery,false,0,20260729_190800_Aptean_ERP_Consultant_8258426c,f64f776dd4fa68ddfdb391bc70676ee5476e47c4ab3debfe9e2018237cf72311,0c38ca6f6965643d0c64d93216ab2cf8fca7ef42d3d3037504c6b3d3ca5eee63
20260729_182822_Aptean_Implementation_Consultant_cef84a83,2026-07-29T18:28:22,Aptean,Implementation Consultant,commercial,trace_backfill,trace_backfill,implementation_delivery,false,0,20260729_182822_Aptean_Implementation_Consultant_cef84a83,f64f776dd4fa68ddfdb391bc70676ee5476e47c4ab3debfe9e2018237cf72311,
20260729_165915_Aptean_ERP_Consultant_0494beea,2026-07-29T16:59:15,Aptean,Implementation Consultant,commercial,resume,command_auto_archive,implementation_delivery,false,0,20260729_165915_Aptean_ERP_Consultant_0494beea,f64f776dd4fa68ddfdb391bc70676ee5476e47c4ab3debfe9e2018237cf72311,0c38ca6f6965643d0c64d93216ab2cf8fca7ef42d3d3037504c6b3d3ca5eee63
20260729_165520_Aptean_We_re_looking_for_a_Professional_Services_Consultant_Fashion_App_50a1babf,2026-07-29T16:55:20,Aptean,Implementation Consultant,commercial,resume,command_auto_archive,implementation_delivery,false,0,20260729_165520_Aptean_We_re_looking_for_a_Professional_Services_Consultant_Fashion_App_50a1babf,a6181d42280d26a66714c5f8d00cbd1d181ea6604ae8fc94cf14043fb736e556,0c38ca6f6965643d0c64d93216ab2cf8fca7ef42d3d3037504c6b3d3ca5eee63
20260729_165451_Fisher_Phillips_Business_Process_Optimization_Specialist_f241981a,2026-07-29T16:54:51,Fisher Phillips,Implementation Consultant,commercial,trace_backfill,trace_backfill,process_improvement,false,0,20260729_165451_Fisher_Phillips_Business_Process_Optimization_Specialist_f241981a,6c3d753bf07e5a33b2af4395a68e82887ee1b377e788020c088bf90b4daf2feb,
20260729_142431_Fisher_Phillips_Business_Process_Optimization_Specialist_ed413078,2026-07-29T14:24:31,Fisher Phillips,Implementation Consultant,commercial,resume,command_auto_archive,process_improvement,false,0,20260729_142431_Fisher_Phillips_Business_Process_Optimization_Specialist_ed413078,6c3d753bf07e5a33b2af4395a68e82887ee1b377e788020c088bf90b4daf2feb,0c38ca6f6965643d0c64d93216ab2cf8fca7ef42d3d3037504c6b3d3ca5eee63
20260729_134932_Procare_Implementation_Manager_7f370570,2026-07-29T13:49:32,Procare,Implementation Consultant,commercial,guide,command_auto_archive,implementation_delivery,false,0,20260729_134932_Procare_Implementation_Manager_7f370570,82222de31a56f4a905116448289182d4a9f562e621f47b3390eed1ca1e908993,0c38ca6f6965643d0c64d93216ab2cf8fca7ef42d3d3037504c6b3d3ca5eee63
20260729_134450_Procare_Implementation_Manager_b2c85204,2026-07-29T13:44:50,Procare,Implementation Consultant,commercial,interview,command_auto_archive,implementation_delivery,false,0,20260729_134450_Procare_Implementation_Manager_b2c85204,82222de31a56f4a905116448289182d4a9f562e621f47b3390eed1ca1e908993,0c38ca6f6965643d0c64d93216ab2cf8fca7ef42d3d3037504c6b3d3ca5eee63
20260729_134251_Azalea_Health_Client_Success_Manager_1b844a70,2026-07-29T13:42:51,Azalea Health,Implementation Consultant,commercial,trace_backfill,trace_backfill,customer_success,false,0,20260729_134251_Azalea_Health_Client_Success_Manager_1b844a70,03d18102a7318e86cfeeeed64e868040dc8998674b5afcd689aeee3b452f5eb9,
20260729_114756_Azalea_Health_Client_Success_Manager_09a4daf7,2026-07-29T11:47:56,Azalea Health,Implementation Consultant,commercial,resume,command_auto_archive,customer_success,false,0,20260729_114756_Azalea_Health_Client_Success_Manager_09a4daf7,03d18102a7318e86cfeeeed64e868040dc8998674b5afcd689aeee3b452f5eb9,0c38ca6f6965643d0c64d93216ab2cf8fca7ef42d3d3037504c6b3d3ca5eee63
20260728_182957_OneTrust_Technical_Implementation_Consultant_b1a7f562,2026-07-28T18:29:57,OneTrust,Implementation Consultant,commercial,resume,command_auto_archive,implementation_delivery,false,0,20260728_182957_OneTrust_Technical_Implementation_Consultant_b1a7f562,854020592869f2d1d17aba3b971da122c3edbd5accd5a434b693b50074932c7a,0c38ca6f6965643d0c64d93216ab2cf8fca7ef42d3d3037504c6b3d3ca5eee63
20260728_181817_OneTrust_Technical_Implementation_Consultant_cfe3bc34,2026-07-28T18:18:17,OneTrust,Implementation Consultant,commercial,resume,command_auto_archive,implementation_delivery,false,0,20260728_181817_OneTrust_Technical_Implementation_Consultant_cfe3bc34,854020592869f2d1d17aba3b971da122c3edbd5accd5a434b693b50074932c7a,0c38ca6f6965643d0c64d93216ab2cf8fca7ef42d3d3037504c6b3d3ca5eee63
20260728_181631_OneTrust_Technical_Implementation_Consultant_c57538c5,2026-07-28T18:16:31,OneTrust,Implementation Consultant,commercial,trace_backfill,trace_backfill,implementation_delivery,false,0,20260728_181631_OneTrust_Technical_Implementation_Consultant_c57538c5,854020592869f2d1d17aba3b971da122c3edbd5accd5a434b693b50074932c7a,
20260728_164725_OneTrust_Technical_Implementation_Consultant_3e7113cf,2026-07-28T16:47:25,OneTrust,Implementation Consultant,commercial,resume,command_auto_archive,implementation_delivery,false,0,20260728_164725_OneTrust_Technical_Implementation_Consultant_3e7113cf,854020592869f2d1d17aba3b971da122c3edbd5accd5a434b693b50074932c7a,0c38ca6f6965643d0c64d93216ab2cf8fca7ef42d3d3037504c6b3d3ca5eee63
20260728_164701_Barracuda_Implementation_Consultant_6a4e7c6d,2026-07-28T16:47:01,Barracuda,Implementation Consultant,commercial,trace_backfill,trace_backfill,customer_success,false,0,20260728_164701_Barracuda_Implementation_Consultant_6a4e7c6d,258cbbfa39653800ec7f8517d1450e636e74fbe7506702d9f9a2c8b80537bcf1,
20260728_160343_Barracuda_Implementation_Consultant_9d97fd41,2026-07-28T16:03:43,Barracuda,Implementation Consultant,commercial,resume,command_auto_archive,customer_success,false,0,20260728_160343_Barracuda_Implementation_Consultant_9d97fd41,258cbbfa39653800ec7f8517d1450e636e74fbe7506702d9f9a2c8b80537bcf1,0c38ca6f6965643d0c64d93216ab2cf8fca7ef42d3d3037504c6b3d3ca5eee63
20260728_160319_RevsUp_Technical_Project_Manager_a981509d,2026-07-28T16:03:19,RevsUp,Implementation Consultant,commercial,trace_backfill,trace_backfill,program_delivery,false,0,20260728_160319_RevsUp_Technical_Project_Manager_a981509d,c23d70a27d6cc9c5d93dcd573870c43ea09153e40a1146c8977a59f544f5ddd8,
20260728_144425_RevsUp_Technical_Project_Manager_6b96cdd6,2026-07-28T14:44:25,RevsUp,Implementation Consultant,commercial,resume,command_auto_archive,program_delivery,false,0,20260728_144425_RevsUp_Technical_Project_Manager_6b96cdd6,c23d70a27d6cc9c5d93dcd573870c43ea09153e40a1146c8977a59f544f5ddd8,0c38ca6f6965643d0c64d93216ab2cf8fca7ef42d3d3037504c6b3d3ca5eee63
20260728_134142_Direct_Travel_Implementation_5b3fca83,2026-07-28T13:41:42,Direct Travel,Implementation Consultant,commercial,interview,command_auto_archive,implementation_delivery,false,0,20260728_134142_Direct_Travel_Implementation_5b3fca83,786e0abd73c6fd135bfdf7c5f505fea1fe82c9111d9a5c10e36e40a53dc0323d,0c38ca6f6965643d0c64d93216ab2cf8fca7ef42d3d3037504c6b3d3ca5eee63
20260728_134142_Direct_Travel_Implementation_704a91d9,2026-07-28T13:41:42,Direct Travel,Implementation Consultant,commercial,guide,command_auto_archive,implementation_delivery,false,0,20260728_134142_Direct_Travel_Implementation_704a91d9,786e0abd73c6fd135bfdf7c5f505fea1fe82c9111d9a5c10e36e40a53dc0323d,0c38ca6f6965643d0c64d93216ab2cf8fca7ef42d3d3037504c6b3d3ca5eee63
20260728_133744_Direct_Travel_Implementation_ea738763,2026-07-28T13:37:44,Direct Travel,Implementation Consultant,commercial,resume,command_auto_archive,implementation_delivery,false,0,20260728_133744_Direct_Travel_Implementation_ea738763,786e0abd73c6fd135bfdf7c5f505fea1fe82c9111d9a5c10e36e40a53dc0323d,0c38ca6f6965643d0c64d93216ab2cf8fca7ef42d3d3037504c6b3d3ca5eee63
20260728_133126_Direct_Travel_Implementation_Consultant_a9257360,2026-07-28T13:31:26,Direct Travel,Implementation Consultant,commercial,trace_backfill,trace_backfill,implementation_delivery,false,0,20260728_133126_Direct_Travel_Implementation_Consultant_a9257360,786e0abd73c6fd135bfdf7c5f505fea1fe82c9111d9a5c10e36e40a53dc0323d,
20260728_101251_Direct_Travel_Implementation_bd8405f0,2026-07-28T10:12:51,Direct Travel,Implementation Consultant,commercial,resume,command_auto_archive,implementation_delivery,false,0,20260728_101251_Direct_Travel_Implementation_bd8405f0,786e0abd73c6fd135bfdf7c5f505fea1fe82c9111d9a5c10e36e40a53dc0323d,0c38ca6f6965643d0c64d93216ab2cf8fca7ef42d3d3037504c6b3d3ca5eee63
20260728_082806_TRIA_SaaS_Implementation_Manager_4a8d10df,2026-07-28T08:28:06,TRIA,Implementation Consultant,commercial,qualifications,command_auto_archive,implementation_delivery,false,0,20260728_082806_TRIA_SaaS_Implementation_Manager_4a8d10df,d81a25dd4626a402afcfacd237332314386a55f867e911c9c210bf739b8ee470,0c38ca6f6965643d0c64d93216ab2cf8fca7ef42d3d3037504c6b3d3ca5eee63
20260728_000251_TRIA_SaaS_Implementation_Manager_f5127253,2026-07-28T00:02:51,TRIA,Implementation Consultant,commercial,qualifications,command_auto_archive,implementation_delivery,false,0,20260728_000251_TRIA_SaaS_Implementation_Manager_f5127253,d81a25dd4626a402afcfacd237332314386a55f867e911c9c210bf739b8ee470,0c38ca6f6965643d0c64d93216ab2cf8fca7ef42d3d3037504c6b3d3ca5eee63
20260727_235902_TRIA_SaaS_Implementation_Manager_e4b238f8,2026-07-27T23:59:02,TRIA,Implementation Consultant,commercial,qualifications,command_auto_archive,implementation_delivery,false,0,20260727_235902_TRIA_SaaS_Implementation_Manager_e4b238f8,d81a25dd4626a402afcfacd237332314386a55f867e911c9c210bf739b8ee470,0c38ca6f6965643d0c64d93216ab2cf8fca7ef42d3d3037504c6b3d3ca5eee63
20260727_234642_TRIA_SaaS_Implementation_Manager_3f796d24,2026-07-27T23:46:42,TRIA,Implementation Consultant,commercial,qualifications,command_auto_archive,implementation_delivery,false,0,20260727_234642_TRIA_SaaS_Implementation_Manager_3f796d24,d81a25dd4626a402afcfacd237332314386a55f867e911c9c210bf739b8ee470,0c38ca6f6965643d0c64d93216ab2cf8fca7ef42d3d3037504c6b3d3ca5eee63
20260727_233608_TRIA_SaaS_Implementation_Manager_466ad321,2026-07-27T23:36:08,TRIA,Implementation Consultant,commercial,resume,command_auto_archive,implementation_delivery,false,0,20260727_233608_TRIA_SaaS_Implementation_Manager_466ad321,d81a25dd4626a402afcfacd237332314386a55f867e911c9c210bf739b8ee470,0c38ca6f6965643d0c64d93216ab2cf8fca7ef42d3d3037504c6b3d3ca5eee63
20260727_233408_TRIA_Implementation_Consultant_268da524,2026-07-27T23:34:08,TRIA,Implementation Consultant,commercial,trace_backfill,trace_backfill,implementation_delivery,false,0,20260727_233408_TRIA_Implementation_Consultant_268da524,d81a25dd4626a402afcfacd237332314386a55f867e911c9c210bf739b8ee470,
20260727_232950_TRIA_SaaS_Implementation_Manager_3cdb0a30,2026-07-27T23:29:50,TRIA,Implementation Consultant,commercial,resume,command_auto_archive,implementation_delivery,false,0,20260727_232950_TRIA_SaaS_Implementation_Manager_3cdb0a30,d81a25dd4626a402afcfacd237332314386a55f867e911c9c210bf739b8ee470,0c38ca6f6965643d0c64d93216ab2cf8fca7ef42d3d3037504c6b3d3ca5eee63
20260727_232132_TRIA_SaaS_Implementation_Manager_b6208328,2026-07-27T23:21:32,TRIA,Implementation Consultant,commercial,resume,command_auto_archive,implementation_delivery,false,0,20260727_232132_TRIA_SaaS_Implementation_Manager_b6208328,d81a25dd4626a402afcfacd237332314386a55f867e911c9c210bf739b8ee470,0c38ca6f6965643d0c64d93216ab2cf8fca7ef42d3d3037504c6b3d3ca5eee63
20260727_224713_TRIA_SaaS_Implementation_Manager_cce0dc06,2026-07-27T22:47:13,TRIA,Implementation Consultant,commercial,qualifications,command_auto_archive,implementation_delivery,true,2,20260727_224713_TRIA_SaaS_Implementation_Manager_cce0dc06,d81a25dd4626a402afcfacd237332314386a55f867e911c9c210bf739b8ee470,21beb4459eb22cc75b5ef6b421573b11fac8b93b9e67b7299820dfc88bb279da
20260727_220146_TRIA_SaaS_Implementation_Manager_f961b8df,2026-07-27T22:01:46,TRIA,Implementation Consultant,commercial,resume,command_auto_archive,implementation_delivery,true,2,20260727_220146_TRIA_SaaS_Implementation_Manager_f961b8df,d81a25dd4626a402afcfacd237332314386a55f867e911c9c210bf739b8ee470,21beb4459eb22cc75b5ef6b421573b11fac8b93b9e67b7299820dfc88bb279da
20260727_213951_Limbic_Technical_Implementation_Manager_f60fef0e,2026-07-27T21:39:51,Limbic,Implementation Consultant,commercial,resume,command_auto_archive,implementation_delivery,true,2,20260727_213951_Limbic_Technical_Implementation_Manager_f60fef0e,7adaf6f51949e9f29db1d46317dbe8fc43f5af48b633bb51fb5815902159ba28,21beb4459eb22cc75b5ef6b421573b11fac8b93b9e67b7299820dfc88bb279da
20260727_213907_Limbic_Technical_Implementation_Manager_acb3f6b4,2026-07-27T21:39:07,Limbic,Implementation Consultant,commercial,trace_backfill,trace_backfill,implementation_delivery,false,0,20260727_213907_Limbic_Technical_Implementation_Manager_acb3f6b4,7adaf6f51949e9f29db1d46317dbe8fc43f5af48b633bb51fb5815902159ba28,
20260727_212255_Limbic_Technical_Implementation_Manager_dda446ec,2026-07-27T21:22:55,Limbic,Implementation Consultant,commercial,resume,command_auto_archive,implementation_delivery,true,2,20260727_212255_Limbic_Technical_Implementation_Manager_dda446ec,7adaf6f51949e9f29db1d46317dbe8fc43f5af48b633bb51fb5815902159ba28,21beb4459eb22cc75b5ef6b421573b11fac8b93b9e67b7299820dfc88bb279da
20260727_212222_Pragmatike_Technical_Project_Manager_Industrial_Software_489b702a,2026-07-27T21:22:22,Pragmatike,Implementation Consultant,commercial,trace_backfill,trace_backfill,program_delivery,false,0,20260727_212222_Pragmatike_Technical_Project_Manager_Industrial_Software_489b702a,9b00a60596d95cb7eea7763bcf7d91bc946cdf6cddb24fd640730d1e5c7b73ff,
20260727_211352_Pragmatike_Technical_Project_Manager_Industrial_Software_9cd3a420,2026-07-27T21:13:52,Pragmatike,Implementation Consultant,commercial,resume,command_auto_archive,program_delivery,true,2,20260727_211352_Pragmatike_Technical_Project_Manager_Industrial_Software_9cd3a420,9b00a60596d95cb7eea7763bcf7d91bc946cdf6cddb24fd640730d1e5c7b73ff,21beb4459eb22cc75b5ef6b421573b11fac8b93b9e67b7299820dfc88bb279da
20260727_211328_GoodShip_Implementation_Manager_5672c21f,2026-07-27T21:13:28,GoodShip,Implementation Consultant,commercial,trace_backfill,trace_backfill,presales_solution,false,0,20260727_211328_GoodShip_Implementation_Manager_5672c21f,7711ccb6b43ebc7bb2b51ac7cc6942d64ad3527622f0e209cde8690c4d63d16f,
20260727_203836_GoodShip_Implementation_Manager_4580dc7d,2026-07-27T20:38:36,GoodShip,Implementation Consultant,commercial,resume,command_auto_archive,presales_solution,true,2,20260727_203836_GoodShip_Implementation_Manager_4580dc7d,7711ccb6b43ebc7bb2b51ac7cc6942d64ad3527622f0e209cde8690c4d63d16f,21beb4459eb22cc75b5ef6b421573b11fac8b93b9e67b7299820dfc88bb279da
20260727_194520_Fleetio_Senior_Technical_Project_Manager_Engineering_666d9b84,2026-07-27T19:45:20,Fleetio,Implementation Consultant,commercial,qualifications,command_auto_archive,program_delivery,true,2,20260727_194520_Fleetio_Senior_Technical_Project_Manager_Engineering_666d9b84,d0c99cb754532b186a4a0123b67ba8fcd70972f36a9767a84dbaa4912ce8f177,21beb4459eb22cc75b5ef6b421573b11fac8b93b9e67b7299820dfc88bb279da
20260727_192426_Fleetio_Senior_Technical_Project_Manager_Engineering_3b6d632d,2026-07-27T19:24:26,Fleetio,Implementation Consultant,commercial,qualifications,command_auto_archive,program_delivery,true,2,20260727_192426_Fleetio_Senior_Technical_Project_Manager_Engineering_3b6d632d,d0c99cb754532b186a4a0123b67ba8fcd70972f36a9767a84dbaa4912ce8f177,21beb4459eb22cc75b5ef6b421573b11fac8b93b9e67b7299820dfc88bb279da
20260727_182506_Fleetio_Senior_Technical_Project_Manager_Engineering_dd6e0193,2026-07-27T18:25:06,Fleetio,Implementation Consultant,commercial,qualifications,command_auto_archive,program_delivery,true,2,20260727_182506_Fleetio_Senior_Technical_Project_Manager_Engineering_dd6e0193,d0c99cb754532b186a4a0123b67ba8fcd70972f36a9767a84dbaa4912ce8f177,21beb4459eb22cc75b5ef6b421573b11fac8b93b9e67b7299820dfc88bb279da
20260727_181556_Fleetio_Senior_Technical_Project_Manager_Engineering_0cfc5152,2026-07-27T18:15:56,Fleetio,Implementation Consultant,commercial,qualifications,command_auto_archive,program_delivery,true,2,20260727_181556_Fleetio_Senior_Technical_Project_Manager_Engineering_0cfc5152,d0c99cb754532b186a4a0123b67ba8fcd70972f36a9767a84dbaa4912ce8f177,21beb4459eb22cc75b5ef6b421573b11fac8b93b9e67b7299820dfc88bb279da
20260727_181003_Fleetio_Senior_Technical_Project_Manager_Engineering_00adc41b,2026-07-27T18:10:03,Fleetio,Implementation Consultant,commercial,qualifications,command_auto_archive,program_delivery,true,2,20260727_181003_Fleetio_Senior_Technical_Project_Manager_Engineering_00adc41b,d0c99cb754532b186a4a0123b67ba8fcd70972f36a9767a84dbaa4912ce8f177,21beb4459eb22cc75b5ef6b421573b11fac8b93b9e67b7299820dfc88bb279da
20260727_180212_Fleetio_Senior_Technical_Project_Manager_Engineering_74d02286,2026-07-27T18:02:12,Fleetio,Implementation Consultant,commercial,qualifications,command_auto_archive,program_delivery,true,2,20260727_180212_Fleetio_Senior_Technical_Project_Manager_Engineering_74d02286,d0c99cb754532b186a4a0123b67ba8fcd70972f36a9767a84dbaa4912ce8f177,21beb4459eb22cc75b5ef6b421573b11fac8b93b9e67b7299820dfc88bb279da
20260727_174107_Fleetio_Senior_Technical_Project_Manager_Engineering_691bc9e8,2026-07-27T17:41:07,Fleetio,Implementation Consultant,commercial,qualifications,command_auto_archive,program_delivery,false,0,20260727_174107_Fleetio_Senior_Technical_Project_Manager_Engineering_691bc9e8,d0c99cb754532b186a4a0123b67ba8fcd70972f36a9767a84dbaa4912ce8f177,
20260727_173656_Fleetio_Senior_Technical_Project_Manager_Engineering_6d52c5ef,2026-07-27T17:36:56,Fleetio,Implementation Consultant,commercial,qualifications,command_auto_archive,program_delivery,false,0,20260727_173656_Fleetio_Senior_Technical_Project_Manager_Engineering_6d52c5ef,d0c99cb754532b186a4a0123b67ba8fcd70972f36a9767a84dbaa4912ce8f177,
20260727_172245_Fleetio_Senior_Technical_Project_Manager_Engineering_39255c78,2026-07-27T17:22:45,Fleetio,Implementation Consultant,commercial,resume,command_auto_archive,program_delivery,false,0,20260727_172245_Fleetio_Senior_Technical_Project_Manager_Engineering_39255c78,d0c99cb754532b186a4a0123b67ba8fcd70972f36a9767a84dbaa4912ce8f177,
20260727_135738_GoodShip_Implementation_Manager_0094cef0,2026-07-27T13:57:38,GoodShip,Implementation Consultant,commercial,guide,command_auto_archive,presales_solution,false,0,20260727_135738_GoodShip_Implementation_Manager_0094cef0,4174fac5b4e55dd9fcbbba7c7e3afa83d3ffd60700b75ac3517698f853215ac1,
20260727_135738_GoodShip_Implementation_Manager_20e69187,2026-07-27T13:57:38,GoodShip,Implementation Consultant,commercial,qualifications,command_auto_archive,presales_solution,false,0,20260727_135738_GoodShip_Implementation_Manager_20e69187,4174fac5b4e55dd9fcbbba7c7e3afa83d3ffd60700b75ac3517698f853215ac1,
20260727_123837_GoodShip_Implementation_Manager_baf11672,2026-07-27T12:38:37,GoodShip,Implementation Consultant,commercial,guide,command_auto_archive,presales_solution,false,0,20260727_123837_GoodShip_Implementation_Manager_baf11672,4174fac5b4e55dd9fcbbba7c7e3afa83d3ffd60700b75ac3517698f853215ac1,
20260727_120808_GoodShip_Implementation_Manager_680f2439,2026-07-27T12:08:08,GoodShip,Implementation Consultant,commercial,guide,command_auto_archive,presales_solution,false,0,20260727_120808_GoodShip_Implementation_Manager_680f2439,4174fac5b4e55dd9fcbbba7c7e3afa83d3ffd60700b75ac3517698f853215ac1,
20260727_120049_GoodShip_Implementation_Manager_220b4e98,2026-07-27T12:00:49,GoodShip,Implementation Consultant,commercial,guide,command_auto_archive,presales_solution,false,0,20260727_120049_GoodShip_Implementation_Manager_220b4e98,4174fac5b4e55dd9fcbbba7c7e3afa83d3ffd60700b75ac3517698f853215ac1,
20260727_120048_GoodShip_Implementation_Manager_2fc47fdc,2026-07-27T12:00:48,GoodShip,Implementation Consultant,commercial,qualifications,command_auto_archive,presales_solution,false,0,20260727_120048_GoodShip_Implementation_Manager_2fc47fdc,4174fac5b4e55dd9fcbbba7c7e3afa83d3ffd60700b75ac3517698f853215ac1,
20260727_114630_GoodShip_Implementation_Manager_cde87e35,2026-07-27T11:46:30,GoodShip,Implementation Consultant,commercial,resume,command_auto_archive,presales_solution,false,0,20260727_114630_GoodShip_Implementation_Manager_cde87e35,4174fac5b4e55dd9fcbbba7c7e3afa83d3ffd60700b75ac3517698f853215ac1,
20260727_102327_Amplify_Technical_Project_Manager_90139865,2026-07-27T10:23:27,Amplify,Implementation Consultant,commercial,resume,command_auto_archive,program_delivery,false,0,20260727_102327_Amplify_Technical_Project_Manager_90139865,14a97ad8147466405e487776248d2c1414732888c2fb45d8db9a28b8aff9bef5,
20260727_094717_PDQ_Customer_Success_Operations_Lead_37a74e15,2026-07-27T09:47:17,PDQ,Implementation Consultant,commercial,resume,command_auto_archive,customer_success,false,0,20260727_094717_PDQ_Customer_Success_Operations_Lead_37a74e15,7617621b7d098582a9ba52fdc7bebc644ae1ff900f327b81769bdfab6baf38c8,
20260726_190409_APEI_Senior_Technical_Project_Manager_Salesforce_16555cb1,2026-07-26T19:04:09,APEI,Implementation Consultant,commercial,resume,command_auto_archive,program_delivery,false,0,20260726_190409_APEI_Senior_Technical_Project_Manager_Salesforce_16555cb1,781b63c270e26121b887602246df378ba4db336621e819c76a48522297c804c3,
20260726_185301_Procare_Implementation_Manager_9cf29495,2026-07-26T18:53:01,Procare,Implementation Consultant,commercial,resume,command_auto_archive,implementation_delivery,false,0,20260726_185301_Procare_Implementation_Manager_9cf29495,1675569e265fb675d5c2a1c5153dbeac266b49c493fceca376f3f4ec4b176bf1,
20260726_182150_Eve_Legal_Implementation_Consultant_1bb31e48,2026-07-26T18:21:50,Eve,Implementation Consultant,commercial,resume,command_auto_archive,implementation_delivery,false,0,20260726_182150_Eve_Legal_Implementation_Consultant_1bb31e48,be8deea57ede226751afcc8338d9579af50f4db4ef0f35126265342f9a3ca579,
20260722_124038_Adobe_Implementation_Consultant_ef4c1f61,2026-07-22T12:40:38,Adobe,Implementation Consultant,commercial,trace_backfill,trace_backfill,presales_solution,false,0,20260722_124038_Adobe_Implementation_Consultant_ef4c1f61,c62d9582c8a48dee64d928846b62b417d5700a64c7794b27ba6ac0931f75331a,
20260721_212924_Blue_Yonder_Program_Manager_d7481ff4,2026-07-21T21:29:24,Blue Yonder,Implementation Consultant,commercial,cover,command_auto_archive,program_delivery,false,0,20260721_212924_Blue_Yonder_Program_Manager_d7481ff4,c35a7741eef1d4beee07592c33c9db2c9a35d722a42c7a573e19925d0b2618a1,
20260721_212710_Adobe_Senior_Program_Manager_GSO_e1d8863b,2026-07-21T21:27:10,Adobe,Implementation Consultant,commercial,cover,command_auto_archive,program_delivery,false,0,20260721_212710_Adobe_Senior_Program_Manager_GSO_e1d8863b,88303489c83bddf44646bfb561dc44b8966fe0045bcf31d97a81cdf37222578f,
20260721_211945_Blue_Yonder_Program_Manager_8c372a16,2026-07-21T21:19:45,Blue Yonder,Implementation Consultant,commercial,cover,command_auto_archive,program_delivery,false,0,20260721_211945_Blue_Yonder_Program_Manager_8c372a16,c35a7741eef1d4beee07592c33c9db2c9a35d722a42c7a573e19925d0b2618a1,
20260721_211337_Blue_Yonder_Program_Manager_f81e3c28,2026-07-21T21:13:37,Blue Yonder,Implementation Consultant,commercial,resume,command_auto_archive,program_delivery,false,0,20260721_211337_Blue_Yonder_Program_Manager_f81e3c28,c35a7741eef1d4beee07592c33c9db2c9a35d722a42c7a573e19925d0b2618a1,
20260721_211115_Adobe_Senior_Program_Manager_GSO_ade7b546,2026-07-21T21:11:15,Adobe,Implementation Consultant,commercial,cover,command_auto_archive,program_delivery,false,0,20260721_211115_Adobe_Senior_Program_Manager_GSO_ade7b546,88303489c83bddf44646bfb561dc44b8966fe0045bcf31d97a81cdf37222578f,
20260721_210530_Adobe_Senior_Program_Manager_GSO_a1fbbff4,2026-07-21T21:05:30,Adobe,Implementation Consultant,commercial,resume,command_auto_archive,program_delivery,false,0,20260721_210530_Adobe_Senior_Program_Manager_GSO_a1fbbff4,88303489c83bddf44646bfb561dc44b8966fe0045bcf31d97a81cdf37222578f,
20260720_230415_Adobe_Solutions_Consultant_244d6c7d,2026-07-20T23:04:15,Adobe,Implementation Consultant,commercial,resume,command_auto_archive,presales_solution,false,0,20260720_230415_Adobe_Solutions_Consultant_244d6c7d,b7c27df1d37c06da9fe94800cfffa0152450e0ffa728600574dc450274830b0f,
20260720_225241_Adobe_Senior_Program_Manager_GSO_d8bcc5f7,2026-07-20T22:52:41,Adobe,Implementation Consultant,commercial,resume,command_auto_archive,program_delivery,false,0,20260720_225241_Adobe_Senior_Program_Manager_GSO_d8bcc5f7,88303489c83bddf44646bfb561dc44b8966fe0045bcf31d97a81cdf37222578f,
20260720_223424_Manhattan_Associates_Senior_Enablement_Consultant_20779b99,2026-07-20T22:34:24,Manhattan Associates,Implementation Consultant,commercial,resume,command_auto_archive,analytics_operations,false,0,20260720_223424_Manhattan_Associates_Senior_Enablement_Consultant_20779b99,3c94b4eee4857a8779d23c4018d9b46c021dd9847bdfe1c1a356907fa3dd9a78,
20260720_222949_Manhattan_Associates_Senior_IT_Delivery_Manager_Financial_Systems_143bdd1e,2026-07-20T22:29:49,Manhattan Associates,Implementation Consultant,commercial,resume,command_auto_archive,program_delivery,false,0,20260720_222949_Manhattan_Associates_Senior_IT_Delivery_Manager_Financial_Systems_143bdd1e,f0b2c424911966eb821ecfdd202d5f7c5f3cda56b25198c3e3bb0e554f4b3300,
20260720_222322_Blue_Yonder_Program_Manager_83b35faa,2026-07-20T22:23:22,Blue Yonder,Implementation Consultant,commercial,resume,command_auto_archive,program_delivery,false,0,20260720_222322_Blue_Yonder_Program_Manager_83b35faa,c35a7741eef1d4beee07592c33c9db2c9a35d722a42c7a573e19925d0b2618a1,
20260720_221904_Blue_Yonder_Services_Advisor_Services_Pre-Sales_7ac20bbe,2026-07-20T22:19:04,Blue Yonder,Implementation Consultant,commercial,resume,command_auto_archive,presales_solution,false,0,20260720_221904_Blue_Yonder_Services_Advisor_Services_Pre-Sales_7ac20bbe,930a1ef79d814ae3acb00434c63b81af446d3d051279600183bf5f38d57bce69,
20260720_221257_Blue_Yonder_Solutions_Advisor_a4c673d0,2026-07-20T22:12:57,Blue Yonder,Implementation Consultant,commercial,resume,command_auto_archive,implementation_delivery,false,0,20260720_221257_Blue_Yonder_Solutions_Advisor_a4c673d0,72bb5219a4a23cc363c8ced29c7b3b0cccbaeb649c0247265db64ab290da7ffe,
20260720_193540_Blue_Yonder_Functional_Solution_Architect_Supply_Chain_20e668f3,2026-07-20T19:35:40,Blue Yonder,Implementation Consultant,commercial,resume,command_auto_archive,implementation_delivery,false,0,20260720_193540_Blue_Yonder_Functional_Solution_Architect_Supply_Chain_20e668f3,38f48c71eec81b340e14131215427b15990de33a4140fda7bdaa301b27914be0,
20260720_192553_HD_Supply_Senior_Manager_eProcurement_and_Strategy_889ab349,2026-07-20T19:25:53,HD Supply,Implementation Consultant,commercial,resume,command_auto_archive,corporate_strategy,false,0,20260720_192553_HD_Supply_Senior_Manager_eProcurement_and_Strategy_889ab349,65557696398f77e8b2e1804327d67c19bcd0e2e204f4e8634842e0f062ad6660,
20260720_192038_HD_Supply_Senior_Manager_eCommerce_Operations_4d047d1c,2026-07-20T19:20:38,HD Supply,Implementation Consultant,commercial,resume,command_auto_archive,program_delivery,false,0,20260720_192038_HD_Supply_Senior_Manager_eCommerce_Operations_4d047d1c,c290a613fd16786ac74eb86ca9fb15703cea92e8f167607664fbefc80dea4c18,
20260720_191151_Stord_Staff_Technical_Program_Manager_afa5e6c4,2026-07-20T19:11:51,Stord,Implementation Consultant,commercial,resume,command_auto_archive,program_delivery,false,0,20260720_191151_Stord_Staff_Technical_Program_Manager_afa5e6c4,2d7977d47d2001e2f0d43211f3cc0216658379af6d9c69ae3f2cbded2c04ecb1,
20260720_190602_Stord_Sr_Deployment_Technical_Program_Manager_341a9106,2026-07-20T19:06:02,Stord,Implementation Consultant,commercial,resume,command_auto_archive,program_delivery,false,0,20260720_190602_Stord_Sr_Deployment_Technical_Program_Manager_341a9106,69fd0f2a600f0912841e3fa64c28f44ce270a587b892027ffc9426386d6ba7b7,
20260720_185718_Shipium_Lead_Technical_Implementation_Consultant_8c2f4508,2026-07-20T18:57:18,Shipium,Implementation Consultant,commercial,resume,command_auto_archive,implementation_delivery,false,0,20260720_185718_Shipium_Lead_Technical_Implementation_Consultant_8c2f4508,0068b882a18627d6fbe58f46186029823112e20dda49b08b8c69b52de86ebc88,
20260720_184346_Advyzon_Technical_Consultant_137f41db,2026-07-20T18:43:46,Advyzon,Implementation Consultant,commercial,resume,command_auto_archive,implementation_delivery,false,0,20260720_184346_Advyzon_Technical_Consultant_137f41db,f295138025de1e60464383f32baba71d042e789b47afd073a9a9868afceeda23,
20260720_183758_Intuitive_Senior_Logistics_Compliance_Analyst_7a654eb1,2026-07-20T18:37:58,Intuitive,Implementation Consultant,commercial,resume,command_auto_archive,implementation_delivery,false,0,20260720_183758_Intuitive_Senior_Logistics_Compliance_Analyst_7a654eb1,d68090ce51c1052379edba27f938be44ac5ee8721d5f5aaf1c5164b2ea2a4974,
20260720_182041_Delta_Marketing_Technology_Senior_Product_Owner_8b408653,2026-07-20T18:20:41,Delta,Implementation Consultant,commercial,resume,command_auto_archive,product_ownership,false,0,20260720_182041_Delta_Marketing_Technology_Senior_Product_Owner_8b408653,ec83c973fba181e8edb26a2f9fc5b13d439bdb77c87f39b9d944780216156909,
20260720_181441_Delta_Crew_Technology_Product_Owner_9505d36a,2026-07-20T18:14:41,Delta,Implementation Consultant,commercial,resume,command_auto_archive,product_ownership,false,0,20260720_181441_Delta_Crew_Technology_Product_Owner_9505d36a,4d7d118d1501b737c172a36b3f1f333f1843045d6b6b3838e76ed7c96863f0ad,
20260720_180500_Delta_Senior_Operations_Analyst_Digital_and_Technology_Transformation_5c4f6ffb,2026-07-20T18:05:00,Delta,Implementation Consultant,commercial,resume,command_auto_archive,corporate_strategy,false,0,20260720_180500_Delta_Senior_Operations_Analyst_Digital_and_Technology_Transformation_5c4f6ffb,eb0c2434720f39ae43af971a5c2969be7b737a182adb9ac6280ed18fab8fa7e7,
20260720_175306_JBAndrews_Solutions_Engineer_3ef134fd,2026-07-20T17:53:06,JBAndrews,Implementation Consultant,commercial,resume,command_auto_archive,presales_solution,false,0,20260720_175306_JBAndrews_Solutions_Engineer_3ef134fd,d28b01c139429264c5ef5dc47d66b0f8d0461f615bf6da3c28d6cf98aa20420c,
20260720_173137_USAA_P_C_Product_Management_Analyst_Consultant_0891f506,2026-07-20T17:31:37,USAA,Implementation Consultant,commercial,resume,command_auto_archive,product_ownership,false,0,20260720_173137_USAA_P_C_Product_Management_Analyst_Consultant_0891f506,a40e2a1aa708270f3b12bea01821e08234d291c1b341d6f837651abfd6d97826,
20260720_170510_CivicPlus_Implementation_Consultant_be631cdc,2026-07-20T17:05:10,CivicPlus,Implementation Consultant,commercial,resume,command_auto_archive,implementation_delivery,false,0,20260720_170510_CivicPlus_Implementation_Consultant_be631cdc,c1ca69b6b328f34b786f43c33cd3f2efcb18606e38ff2fa13c845540c71a2bac,
20260720_095932_LHH_Supply_Chain_Operations_Manager_5e27ca16,2026-07-20T09:59:32,LHH,Implementation Consultant,commercial,resume,command_auto_archive,process_improvement,false,0,20260720_095932_LHH_Supply_Chain_Operations_Manager_5e27ca16,e4836093de658a095b6727f516a017491dc3787189ae0db296e01208a625712b,
20260719_224242_RESA_Power_Continuous_Improvement_Specialist_c9878f48,2026-07-19T22:42:42,RESA Power,Implementation Consultant,commercial,resume,command_auto_archive,process_improvement,false,0,20260719_224242_RESA_Power_Continuous_Improvement_Specialist_c9878f48,f65172e68b6cf3e13593809a6f5c605f09387599d50f659b97a2ce2bbe2af079,
20260719_222431_Sure_Product_Implementation_Manager_dec5237f,2026-07-19T22:24:31,Sure,Implementation Consultant,commercial,resume,command_auto_archive,implementation_delivery,false,0,20260719_222431_Sure_Product_Implementation_Manager_dec5237f,d7dabc8096b6705aca2b7a1e9b05e8b17a95172f7f2f6597f8a01aed9b18cd6e,
20260719_220941_Trusaic_Implementation_Manager_6eb35ef3,2026-07-19T22:09:41,Trusaic,Implementation Consultant,commercial,resume,command_auto_archive,implementation_delivery,false,0,20260719_220941_Trusaic_Implementation_Manager_6eb35ef3,4980b70bb27097d47b258e499e68290c9ba9e4f21dd5a12d1884503044cec5c4,
20260719_205720_Toast_Senior_Analyst_Retail_RevOps_GTM_Analytics_Territory_Design_df6f1314,2026-07-19T20:57:20,Toast,Implementation Consultant,commercial,resume,command_auto_archive,implementation_delivery,false,0,20260719_205720_Toast_Senior_Analyst_Retail_RevOps_GTM_Analytics_Territory_Design_df6f1314,11f31b345af06949a371c4f212343697d10b5ef1c261a869322c7b562274cd22,
20260719_191007_Toast_Senior_Analyst_Retail_RevOps_GTM_Analytics_Territory_Design_cb4d5447,2026-07-19T19:10:07,Toast,Implementation Consultant,commercial,resume,command_auto_archive,implementation_delivery,false,0,20260719_191007_Toast_Senior_Analyst_Retail_RevOps_GTM_Analytics_Territory_Design_cb4d5447,11f31b345af06949a371c4f212343697d10b5ef1c261a869322c7b562274cd22,
20260719_185437_Toast_Senior_Analyst_Retail_RevOps_GTM_Analytics_Territory_Design_c4d7112e,2026-07-19T18:54:37,Toast,Implementation Consultant,commercial,resume,command_auto_archive,implementation_delivery,false,0,20260719_185437_Toast_Senior_Analyst_Retail_RevOps_GTM_Analytics_Territory_Design_c4d7112e,11f31b345af06949a371c4f212343697d10b5ef1c261a869322c7b562274cd22,
20260719_184809_APC_AI_Technical_Project_Manager_26f7a520,2026-07-19T18:48:09,APC,Implementation Consultant,commercial,resume,command_auto_archive,program_delivery,false,0,20260719_184809_APC_AI_Technical_Project_Manager_26f7a520,47be5fcc4f139b6eb83452f8d7889c493a0e8ab96ea373ae3738ddecbb14f7fe,
20260719_184001_ADP_Senior_Implementation_Consultant_3f075fa2,2026-07-19T18:40:01,ADP,Implementation Consultant,commercial,resume,command_auto_archive,implementation_delivery,false,0,20260719_184001_ADP_Senior_Implementation_Consultant_3f075fa2,aba5bb684dd3e0ac393fc9e0d5cd0ca5b5b1a883f01ed9a9524e91f45207628a,
20260719_183105_Direct_Travel_Senior_Technical_Implementation_Consultant_d989a910,2026-07-19T18:31:05,Direct Travel,Implementation Consultant,commercial,resume,command_auto_archive,implementation_delivery,false,0,20260719_183105_Direct_Travel_Senior_Technical_Implementation_Consultant_d989a910,a2ae0c0578bfbb81989dcba2547979a50d1d7282635f375e2284b4a835c81b7c,
20260719_181337_Hard_Rock_Digital_Senior_Systems_Administrator_f0708924,2026-07-19T18:13:37,Hard Rock Digital,Implementation Consultant,commercial,resume,command_auto_archive,technical_support_admin,false,0,20260719_181337_Hard_Rock_Digital_Senior_Systems_Administrator_f0708924,0cb90348158fd4af32a578907c34d6fd61a979531b1cf44171d87b4e9daa7b9b,
20260719_173904_BELAY_Assistant_Solutions_Advisor_d8379824,2026-07-19T17:39:04,BELAY,Implementation Consultant,commercial,resume,command_auto_archive,corporate_strategy,false,0,20260719_173904_BELAY_Assistant_Solutions_Advisor_d8379824,5f8c9e2b6d1f1459eb9af6ba850635eb6619994500010460450a71664bafaa09,
20260719_133643_Randstad_Solutions_Delivery_Consultant_144a9d31,2026-07-19T13:36:43,Randstad,Implementation Consultant,commercial,interview,command_auto_archive,analytics_operations,false,0,20260719_133643_Randstad_Solutions_Delivery_Consultant_144a9d31,e8b4e5c01f6edae552b52f66b36781a11a433422ed487fdf537762e9a0d0e372,
20260719_132724_Randstad_Solutions_Delivery_Consultant_7dd44a82,2026-07-19T13:27:24,Randstad,Implementation Consultant,commercial,interview,command_auto_archive,analytics_operations,false,0,20260719_132724_Randstad_Solutions_Delivery_Consultant_7dd44a82,e8b4e5c01f6edae552b52f66b36781a11a433422ed487fdf537762e9a0d0e372,
20260719_132543_Randstad_Solutions_Delivery_Consultant_c3044ee0,2026-07-19T13:25:43,Randstad,Implementation Consultant,commercial,resume,command_auto_archive,analytics_operations,false,0,20260719_132543_Randstad_Solutions_Delivery_Consultant_c3044ee0,e8b4e5c01f6edae552b52f66b36781a11a433422ed487fdf537762e9a0d0e372,
20260719_131802_Randstad_Solutions_Delivery_Consultant_702ca351,2026-07-19T13:18:02,Randstad,Implementation Consultant,commercial,resume,command_auto_archive,analytics_operations,false,0,20260719_131802_Randstad_Solutions_Delivery_Consultant_702ca351,e8b4e5c01f6edae552b52f66b36781a11a433422ed487fdf537762e9a0d0e372,
20260719_130528_Randstad_Solutions_Delivery_Consultant_70315ee5,2026-07-19T13:05:28,Randstad,Implementation Consultant,commercial,resume,command_auto_archive,analytics_operations,false,0,20260719_130528_Randstad_Solutions_Delivery_Consultant_70315ee5,e8b4e5c01f6edae552b52f66b36781a11a433422ed487fdf537762e9a0d0e372,
20260719_123341_Randstad_Solutions_Delivery_Consultant_015504dc,2026-07-19T12:33:41,Randstad,Implementation Consultant,commercial,interview,command_auto_archive,analytics_operations,false,0,20260719_123341_Randstad_Solutions_Delivery_Consultant_015504dc,e8b4e5c01f6edae552b52f66b36781a11a433422ed487fdf537762e9a0d0e372,
20260719_123232_Randstad_Solutions_Delivery_Consultant_25628fbe,2026-07-19T12:32:32,Randstad,Implementation Consultant,commercial,cover,command_auto_archive,analytics_operations,false,0,20260719_123232_Randstad_Solutions_Delivery_Consultant_25628fbe,e8b4e5c01f6edae552b52f66b36781a11a433422ed487fdf537762e9a0d0e372,
20260719_122726_Randstad_Solutions_Delivery_Consultant_c8f4385d,2026-07-19T12:27:26,Randstad,Implementation Consultant,commercial,resume,command_auto_archive,analytics_operations,false,0,20260719_122726_Randstad_Solutions_Delivery_Consultant_c8f4385d,e8b4e5c01f6edae552b52f66b36781a11a433422ed487fdf537762e9a0d0e372,
20260719_102347_Randstad_Solutions_Delivery_Consultant_4ef2318b,2026-07-19T10:23:47,Randstad,Implementation Consultant,commercial,resume,command_auto_archive,analytics_operations,false,0,20260719_102347_Randstad_Solutions_Delivery_Consultant_4ef2318b,e8b4e5c01f6edae552b52f66b36781a11a433422ed487fdf537762e9a0d0e372,
20260719_102306_Randstad_Solutions_Delivery_Consultant_cccb164d,2026-07-19T10:23:06,Randstad,Implementation Consultant,commercial,cover,command_auto_archive,analytics_operations,false,0,20260719_102306_Randstad_Solutions_Delivery_Consultant_cccb164d,e8b4e5c01f6edae552b52f66b36781a11a433422ed487fdf537762e9a0d0e372,
20260719_101735_Randstad_Solutions_Delivery_Consultant_c35224fb,2026-07-19T10:17:35,Randstad,Implementation Consultant,commercial,cover,command_auto_archive,analytics_operations,false,0,20260719_101735_Randstad_Solutions_Delivery_Consultant_c35224fb,e8b4e5c01f6edae552b52f66b36781a11a433422ed487fdf537762e9a0d0e372,
20260719_095627_Randstad_Solutions_Delivery_Consultant_17a21b68,2026-07-19T09:56:27,Randstad,Implementation Consultant,commercial,resume,command_auto_archive,analytics_operations,false,0,20260719_095627_Randstad_Solutions_Delivery_Consultant_17a21b68,e8b4e5c01f6edae552b52f66b36781a11a433422ed487fdf537762e9a0d0e372,
20260719_093818_Randstad_Solutions_Delivery_Consultant_da5e11c8,2026-07-19T09:38:18,Randstad,Implementation Consultant,commercial,resume,command_auto_archive,analytics_operations,false,0,20260719_093818_Randstad_Solutions_Delivery_Consultant_da5e11c8,e8b4e5c01f6edae552b52f66b36781a11a433422ed487fdf537762e9a0d0e372,
20260719_000340_Randstad_Solutions_Delivery_Consultant_4c1e56a9,2026-07-19T00:03:40,Randstad,Implementation Consultant,commercial,resume,command_auto_archive,analytics_operations,false,0,20260719_000340_Randstad_Solutions_Delivery_Consultant_4c1e56a9,e8b4e5c01f6edae552b52f66b36781a11a433422ed487fdf537762e9a0d0e372,
20260719_000132_Randstad_Solutions_Delivery_Consultant_5f437998,2026-07-19T00:01:32,Randstad,Implementation Consultant,commercial,resume,command_auto_archive,analytics_operations,false,0,20260719_000132_Randstad_Solutions_Delivery_Consultant_5f437998,e8b4e5c01f6edae552b52f66b36781a11a433422ed487fdf537762e9a0d0e372,
20260718_235811_Randstad_Solutions_Delivery_Consultant_28a03d16,2026-07-18T23:58:11,Randstad,Implementation Consultant,commercial,resume,command_auto_archive,analytics_operations,false,0,20260718_235811_Randstad_Solutions_Delivery_Consultant_28a03d16,e8b4e5c01f6edae552b52f66b36781a11a433422ed487fdf537762e9a0d0e372,
20260718_235535_Randstad_Solutions_Delivery_Consultant_962cae4a,2026-07-18T23:55:35,Randstad,Implementation Consultant,commercial,resume,command_auto_archive,analytics_operations,false,0,20260718_235535_Randstad_Solutions_Delivery_Consultant_962cae4a,e8b4e5c01f6edae552b52f66b36781a11a433422ed487fdf537762e9a0d0e372,
20260718_234638_Randstad_Solutions_Delivery_Consultant_8447ccee,2026-07-18T23:46:38,Randstad,Implementation Consultant,commercial,resume,command_auto_archive,analytics_operations,false,0,20260718_234638_Randstad_Solutions_Delivery_Consultant_8447ccee,e8b4e5c01f6edae552b52f66b36781a11a433422ed487fdf537762e9a0d0e372,
20260718_233023_Randstad_Solutions_Delivery_Consultant_2b8fbda2,2026-07-18T23:30:23,Randstad,Implementation Consultant,commercial,resume,command_auto_archive,analytics_operations,false,0,20260718_233023_Randstad_Solutions_Delivery_Consultant_2b8fbda2,e8b4e5c01f6edae552b52f66b36781a11a433422ed487fdf537762e9a0d0e372,
20260718_215753_Randstad_Solutions_Delivery_Consultant_5d0064cc,2026-07-18T21:57:53,Randstad,Implementation Consultant,commercial,resume,command_auto_archive,analytics_operations,false,0,20260718_215753_Randstad_Solutions_Delivery_Consultant_5d0064cc,e8b4e5c01f6edae552b52f66b36781a11a433422ed487fdf537762e9a0d0e372,
20260718_212738_CreatorIQ_Strategic_Solutions_Consultant_cfc01956,2026-07-18T21:27:38,CreatorIQ,Implementation Consultant,commercial,resume,command_auto_archive,presales_solution,false,0,20260718_212738_CreatorIQ_Strategic_Solutions_Consultant_cfc01956,001a0a6f8b319955f7cce47e37dedb7c94593a414a18839b75b3d393d84fa299,
20260718_204129_CreatorIQ_Strategic_Solutions_Consultant_d7091bb0,2026-07-18T20:41:29,CreatorIQ,Implementation Consultant,commercial,resume,command_auto_archive,presales_solution,false,0,20260718_204129_CreatorIQ_Strategic_Solutions_Consultant_d7091bb0,001a0a6f8b319955f7cce47e37dedb7c94593a414a18839b75b3d393d84fa299,
20260718_201925_CreatorIQ_Strategic_Solutions_Consultant_d66c15da,2026-07-18T20:19:25,CreatorIQ,Implementation Consultant,commercial,resume,command_auto_archive,presales_solution,true,18,20260718_201925_CreatorIQ_Strategic_Solutions_Consultant_d66c15da,2ef4723b257d9972f33a88db5c8f610bb053ea2e53d7198fa0af754dc02740ed,f27116e0aee426f163a3ecb9f11c240cb32eb6804faeac9a6186877ffd69a475
20260715_011608_Dematic_Solution_Consultant_c349f549,2026-07-15T01:16:08,Dematic,Solution Consultant,commercial,qualifications,command_auto_archive,change_enablement,true,18,20260715_011608_Dematic_Solution_Consultant_c349f549,3d74d553100ccd6701503a8d55094c573e290ef7bf77fc718755b6a6d61bf32f,f27116e0aee426f163a3ecb9f11c240cb32eb6804faeac9a6186877ffd69a475
20260714_220718_Sourcewell_Senior_Solution_Consultant_0a1e966e,2026-07-14T22:07:18,Sourcewell,Senior Solution Consultant,commercial,guide,command_auto_archive,implementation_delivery,true,18,20260714_220718_Sourcewell_Senior_Solution_Consultant_0a1e966e,2906b3036d647afa94c16891d53bc663dac8fb4eba9221873c8f9a9413fd791b,f27116e0aee426f163a3ecb9f11c240cb32eb6804faeac9a6186877ffd69a475
20260714_220555_Dematic_Solution_Consultant_5bf737d4,2026-07-14T22:05:55,Dematic,Solution Consultant,commercial,qualifications,command_auto_archive,change_enablement,true,18,20260714_220555_Dematic_Solution_Consultant_5bf737d4,3d74d553100ccd6701503a8d55094c573e290ef7bf77fc718755b6a6d61bf32f,f27116e0aee426f163a3ecb9f11c240cb32eb6804faeac9a6186877ffd69a475
20260714_220334_Dematic_Solution_Consultant_510fc620,2026-07-14T22:03:34,Dematic,Solution Consultant,commercial,qualifications,command_auto_archive,change_enablement,true,18,20260714_220334_Dematic_Solution_Consultant_510fc620,3d74d553100ccd6701503a8d55094c573e290ef7bf77fc718755b6a6d61bf32f,f27116e0aee426f163a3ecb9f11c240cb32eb6804faeac9a6186877ffd69a475
20260714_155035_Dematic_Solution_Consultant_4adb9895,2026-07-14T15:50:35,Dematic,Solution Consultant,commercial,guide,command_auto_archive,change_enablement,true,18,20260714_155035_Dematic_Solution_Consultant_4adb9895,3d74d553100ccd6701503a8d55094c573e290ef7bf77fc718755b6a6d61bf32f,f27116e0aee426f163a3ecb9f11c240cb32eb6804faeac9a6186877ffd69a475
20260714_155035_Dematic_Solution_Consultant_ee348ca3,2026-07-14T15:50:35,Dematic,Solution Consultant,commercial,interview,command_auto_archive,change_enablement,true,18,20260714_155035_Dematic_Solution_Consultant_ee348ca3,3d74d553100ccd6701503a8d55094c573e290ef7bf77fc718755b6a6d61bf32f,f27116e0aee426f163a3ecb9f11c240cb32eb6804faeac9a6186877ffd69a475
20260714_155035_Dematic_Solution_Consultant_fd0713fa,2026-07-14T15:50:35,Dematic,Solution Consultant,commercial,guide,command_auto_archive,change_enablement,true,18,20260714_155035_Dematic_Solution_Consultant_fd0713fa,3d74d553100ccd6701503a8d55094c573e290ef7bf77fc718755b6a6d61bf32f,f27116e0aee426f163a3ecb9f11c240cb32eb6804faeac9a6186877ffd69a475
20260714_155035_M-Tech_Systems_Implementation_Specialist_Project_Consultant_012b4879,2026-07-14T15:50:35,M-Tech Systems,Implementation Specialist (Project Consultant),commercial,legacy_import,legacy_named_job_file,implementation_delivery,false,0,20260714_155035_M-Tech_Systems_Implementation_Specialist_Project_Consultant_012b4879,073a95aa1da71fca5e63b8a49b79551d5c1df4822aff1c413a0d5698498c9a3e,
20260714_154912_Dematic_Solution_Consultant_7dae15bd,2026-07-14T15:49:12,Dematic,Solution Consultant,commercial,guide,command_auto_archive,change_enablement,true,18,20260714_154912_Dematic_Solution_Consultant_7dae15bd,3d74d553100ccd6701503a8d55094c573e290ef7bf77fc718755b6a6d61bf32f,f27116e0aee426f163a3ecb9f11c240cb32eb6804faeac9a6186877ffd69a475
20260714_154912_Dematic_Solution_Consultant_aad8dcad,2026-07-14T15:49:12,Dematic,Solution Consultant,commercial,guide,command_auto_archive,change_enablement,true,18,20260714_154912_Dematic_Solution_Consultant_aad8dcad,3d74d553100ccd6701503a8d55094c573e290ef7bf77fc718755b6a6d61bf32f,f27116e0aee426f163a3ecb9f11c240cb32eb6804faeac9a6186877ffd69a475
20260714_154912_Dematic_Solution_Consultant_dba1fcb3,2026-07-14T15:49:12,Dematic,Solution Consultant,commercial,interview,command_auto_archive,change_enablement,true,18,20260714_154912_Dematic_Solution_Consultant_dba1fcb3,3d74d553100ccd6701503a8d55094c573e290ef7bf77fc718755b6a6d61bf32f,f27116e0aee426f163a3ecb9f11c240cb32eb6804faeac9a6186877ffd69a475
20260713_200533_Dematic_Solution_Consultant_3a728647,2026-07-13T20:05:33,Dematic,Solution Consultant,commercial,guide,command_auto_archive,change_enablement,false,0,20260713_200533_Dematic_Solution_Consultant_3a728647,3d74d553100ccd6701503a8d55094c573e290ef7bf77fc718755b6a6d61bf32f,
20260713_200517_Dematic_Solution_Consultant_c2e4c83f,2026-07-13T20:05:17,Dematic,Solution Consultant,commercial,interview,command_auto_archive,change_enablement,false,0,20260713_200517_Dematic_Solution_Consultant_c2e4c83f,3d74d553100ccd6701503a8d55094c573e290ef7bf77fc718755b6a6d61bf32f,
20260713_180043_Dematic_Solution_Consultant_12c6c652,2026-07-13T18:00:43,Dematic,Solution Consultant,commercial,resume,command_auto_archive,change_enablement,false,0,20260713_180043_Dematic_Solution_Consultant_12c6c652,3d74d553100ccd6701503a8d55094c573e290ef7bf77fc718755b6a6d61bf32f,
20260713_175833_Dematic_Solution_Consultant_a0c633d7,2026-07-13T17:58:33,Dematic,Solution Consultant,commercial,resume,command_auto_archive,change_enablement,false,0,20260713_175833_Dematic_Solution_Consultant_a0c633d7,3d74d553100ccd6701503a8d55094c573e290ef7bf77fc718755b6a6d61bf32f,
20260713_175156_Dematic_Solution_Consultant_5c347ae4,2026-07-13T17:51:56,Dematic,Solution Consultant,commercial,resume,command_auto_archive,change_enablement,false,0,20260713_175156_Dematic_Solution_Consultant_5c347ae4,3d74d553100ccd6701503a8d55094c573e290ef7bf77fc718755b6a6d61bf32f,
20260713_170823_Dematic_Solution_Consultant_c1641d42,2026-07-13T17:08:23,Dematic,Solution Consultant,commercial,resume,command_auto_archive,change_enablement,false,0,20260713_170823_Dematic_Solution_Consultant_c1641d42,3d74d553100ccd6701503a8d55094c573e290ef7bf77fc718755b6a6d61bf32f,
20260713_170806_Dematic_Solution_Consultant_b69540f6,2026-07-13T17:08:06,Dematic,Solution Consultant,commercial,guide,command_auto_archive,change_enablement,false,0,20260713_170806_Dematic_Solution_Consultant_b69540f6,3d74d553100ccd6701503a8d55094c573e290ef7bf77fc718755b6a6d61bf32f,
20260713_005420_Sourcewell_Senior_Solution_Consultant_409b78e8,2026-07-13T00:54:20,Sourcewell,Senior Solution Consultant,commercial,resume,command_auto_archive,implementation_delivery,false,0,20260713_005420_Sourcewell_Senior_Solution_Consultant_409b78e8,2906b3036d647afa94c16891d53bc663dac8fb4eba9221873c8f9a9413fd791b,
20260713_005420_Sourcewell_Senior_Solution_Consultant_fc94eaab,2026-07-13T00:54:20,Sourcewell,Senior Solution Consultant,commercial,resume,command_auto_archive,implementation_delivery,false,0,20260713_005420_Sourcewell_Senior_Solution_Consultant_fc94eaab,2906b3036d647afa94c16891d53bc663dac8fb4eba9221873c8f9a9413fd791b,
20260713_004808_Sourcewell_Senior_Solution_Consultant_238a3f94,2026-07-13T00:48:08,Sourcewell,Senior Solution Consultant,commercial,resume,command_auto_archive,implementation_delivery,false,0,20260713_004808_Sourcewell_Senior_Solution_Consultant_238a3f94,2906b3036d647afa94c16891d53bc663dac8fb4eba9221873c8f9a9413fd791b,
20260713_004808_Sourcewell_Senior_Solution_Consultant_26b0a1c4,2026-07-13T00:48:08,Sourcewell,Senior Solution Consultant,commercial,guide,command_auto_archive,implementation_delivery,false,0,20260713_004808_Sourcewell_Senior_Solution_Consultant_26b0a1c4,2906b3036d647afa94c16891d53bc663dac8fb4eba9221873c8f9a9413fd791b,
20260713_002824_Sourcewell_Senior_Solution_Consultant_d0b6bf63,2026-07-13T00:28:24,Sourcewell,Senior Solution Consultant,commercial,interview,command_auto_archive,change_enablement,false,0,20260713_002824_Sourcewell_Senior_Solution_Consultant_d0b6bf63,4c834c31d3d16b75bb50a29edd40a6e414988872c101f0f64f094fa7918465b3,
20260713_002818_Sourcewell_Senior_Solution_Consultant_ce311fc5,2026-07-13T00:28:18,Sourcewell,Senior Solution Consultant,commercial,guide,command_auto_archive,change_enablement,false,0,20260713_002818_Sourcewell_Senior_Solution_Consultant_ce311fc5,4c834c31d3d16b75bb50a29edd40a6e414988872c101f0f64f094fa7918465b3,
20260713_002745_Sourcewell_Senior_Solution_Consultant_27343f78,2026-07-13T00:27:45,Sourcewell,Senior Solution Consultant,commercial,resume,command_auto_archive,change_enablement,false,0,20260713_002745_Sourcewell_Senior_Solution_Consultant_27343f78,4c834c31d3d16b75bb50a29edd40a6e414988872c101f0f64f094fa7918465b3,
20260713_001944_Sourcewell_Senior_Solution_Consultant_10864d80,2026-07-13T00:19:44,Sourcewell,Senior Solution Consultant,commercial,resume,command_auto_archive,change_enablement,false,0,20260713_001944_Sourcewell_Senior_Solution_Consultant_10864d80,4c834c31d3d16b75bb50a29edd40a6e414988872c101f0f64f094fa7918465b3,
20260713_001847_Sourcewell_Senior_Solution_Consultant_df09e808,2026-07-13T00:18:47,Sourcewell,Senior Solution Consultant,commercial,guide,command_auto_archive,change_enablement,false,0,20260713_001847_Sourcewell_Senior_Solution_Consultant_df09e808,4c834c31d3d16b75bb50a29edd40a6e414988872c101f0f64f094fa7918465b3,
20260713_001823_Sourcewell_Senior_Solution_Consultant_8b6d852d,2026-07-13T00:18:23,Sourcewell,Senior Solution Consultant,commercial,qualifications,command_auto_archive,change_enablement,false,0,20260713_001823_Sourcewell_Senior_Solution_Consultant_8b6d852d,4c834c31d3d16b75bb50a29edd40a6e414988872c101f0f64f094fa7918465b3,
20260713_001517_Sourcewell_Senior_Solution_Consultant_3d604474,2026-07-13T00:15:17,Sourcewell,Senior Solution Consultant,commercial,qualifications,command_auto_archive,change_enablement,false,0,20260713_001517_Sourcewell_Senior_Solution_Consultant_3d604474,4c834c31d3d16b75bb50a29edd40a6e414988872c101f0f64f094fa7918465b3,
20260713_001502_Sourcewell_Senior_Solution_Consultant_ff659829,2026-07-13T00:15:02,Sourcewell,Senior Solution Consultant,commercial,qualifications,command_auto_archive,change_enablement,false,0,20260713_001502_Sourcewell_Senior_Solution_Consultant_ff659829,4c834c31d3d16b75bb50a29edd40a6e414988872c101f0f64f094fa7918465b3,
20260713_001501_Acumatica_ERP_Implementation_Consultant_b962b555,2026-07-13T00:15:01,Acumatica,ERP Implementation Consultant,commercial,legacy_import,legacy_named_job_file,implementation_delivery,false,0,20260713_001501_Acumatica_ERP_Implementation_Consultant_b962b555,107c5dbab0a88c1ff6f27dd97fbb935fbe097d0aa0b507f06a9d2452360dd3c1,
20260713_001501_Barracuda_Partner_Success_Manager_I_d19c3984,2026-07-13T00:15:01,Barracuda,Partner Success Manager I,commercial,legacy_import,legacy_named_job_file,customer_success,false,0,20260713_001501_Barracuda_Partner_Success_Manager_I_d19c3984,49102884848389f045120ab43bad7368dc4dd180efb88b2b4b6150228a0c749a,
20260713_000933_Sourcewell_Senior_Solution_Consultant_5b541629,2026-07-13T00:09:33,Sourcewell,Senior Solution Consultant,commercial,guide,command_auto_archive,implementation_delivery,false,0,20260713_000933_Sourcewell_Senior_Solution_Consultant_5b541629,2906b3036d647afa94c16891d53bc663dac8fb4eba9221873c8f9a9413fd791b,
20260712_233804_Sourcewell_Senior_Solution_Consultant_24657b2c,2026-07-12T23:38:04,Sourcewell,Senior Solution Consultant,commercial,resume,command_auto_archive,implementation_delivery,false,0,20260712_233804_Sourcewell_Senior_Solution_Consultant_24657b2c,2906b3036d647afa94c16891d53bc663dac8fb4eba9221873c8f9a9413fd791b,
20260712_233232_Sourcewell_Senior_Solution_Consultant_a19235a5,2026-07-12T23:32:32,Sourcewell,Senior Solution Consultant,commercial,resume,command_auto_archive,change_enablement,false,0,20260712_233232_Sourcewell_Senior_Solution_Consultant_a19235a5,4c834c31d3d16b75bb50a29edd40a6e414988872c101f0f64f094fa7918465b3,
20260712_232813_Sourcewell_Senior_Solution_Consultant_a98c8a1a,2026-07-12T23:28:13,Sourcewell,Senior Solution Consultant,commercial,resume,command_auto_archive,implementation_delivery,false,0,20260712_232813_Sourcewell_Senior_Solution_Consultant_a98c8a1a,2906b3036d647afa94c16891d53bc663dac8fb4eba9221873c8f9a9413fd791b,
20260712_232810_Sourcewell_Senior_Solution_Consultant_14939fff,2026-07-12T23:28:10,Sourcewell,Senior Solution Consultant,commercial,resume,command_auto_archive,change_enablement,false,0,20260712_232810_Sourcewell_Senior_Solution_Consultant_14939fff,4c834c31d3d16b75bb50a29edd40a6e414988872c101f0f64f094fa7918465b3,
20260708_233418_Revive_ERP_Implementation_Specialist_c511baff,2026-07-08T23:34:18,Revive ERP,Implementation Specialist,commercial,resume,command_auto_archive,implementation_delivery,false,0,20260708_233418_Revive_ERP_Implementation_Specialist_c511baff,b49b79940a58db78f3054b6cfd5a79f0074155bf2fcf792c82e628e7a02ff5e0,
20260708_231947_Revive_ERP_Implementation_Specialist_18f939a1,2026-07-08T23:19:47,Revive ERP,Implementation Specialist,commercial,qualifications,command_auto_archive,implementation_delivery,false,0,20260708_231947_Revive_ERP_Implementation_Specialist_18f939a1,b49b79940a58db78f3054b6cfd5a79f0074155bf2fcf792c82e628e7a02ff5e0,
20260708_231947_Revive_ERP_Implementation_Specialist_cab76591,2026-07-08T23:19:47,Revive ERP,Implementation Specialist,commercial,guide,command_auto_archive,implementation_delivery,false,0,20260708_231947_Revive_ERP_Implementation_Specialist_cab76591,b49b79940a58db78f3054b6cfd5a79f0074155bf2fcf792c82e628e7a02ff5e0,
20260708_231947_Revive_ERP_Implementation_Specialist_fa4d5fac,2026-07-08T23:19:47,Revive ERP,Implementation Specialist,commercial,interview,command_auto_archive,implementation_delivery,false,0,20260708_231947_Revive_ERP_Implementation_Specialist_fa4d5fac,b49b79940a58db78f3054b6cfd5a79f0074155bf2fcf792c82e628e7a02ff5e0,
20260708_231606_Revive_ERP_Implementation_Specialist_ad2a58e2,2026-07-08T23:16:06,Revive ERP,Implementation Specialist,commercial,qualifications,command_auto_archive,implementation_delivery,false,0,20260708_231606_Revive_ERP_Implementation_Specialist_ad2a58e2,b49b79940a58db78f3054b6cfd5a79f0074155bf2fcf792c82e628e7a02ff5e0,
20260708_231606_Revive_ERP_Implementation_Specialist_c5a434f4,2026-07-08T23:16:06,Revive ERP,Implementation Specialist,commercial,interview,command_auto_archive,implementation_delivery,false,0,20260708_231606_Revive_ERP_Implementation_Specialist_c5a434f4,b49b79940a58db78f3054b6cfd5a79f0074155bf2fcf792c82e628e7a02ff5e0,
20260708_231605_Revive_ERP_Implementation_Specialist_d9a62a9a,2026-07-08T23:16:05,Revive ERP,Implementation Specialist,commercial,guide,command_auto_archive,implementation_delivery,false,0,20260708_231605_Revive_ERP_Implementation_Specialist_d9a62a9a,b49b79940a58db78f3054b6cfd5a79f0074155bf2fcf792c82e628e7a02ff5e0,
20260708_231202_Revive_ERP_Implementation_Specialist_000feb72,2026-07-08T23:12:02,Revive ERP,Implementation Specialist,commercial,guide,command_auto_archive,implementation_delivery,false,0,20260708_231202_Revive_ERP_Implementation_Specialist_000feb72,b49b79940a58db78f3054b6cfd5a79f0074155bf2fcf792c82e628e7a02ff5e0,
20260708_231202_Revive_ERP_Implementation_Specialist_291e05cd,2026-07-08T23:12:02,Revive ERP,Implementation Specialist,commercial,interview,command_auto_archive,implementation_delivery,false,0,20260708_231202_Revive_ERP_Implementation_Specialist_291e05cd,b49b79940a58db78f3054b6cfd5a79f0074155bf2fcf792c82e628e7a02ff5e0,
20260708_231202_Revive_ERP_Implementation_Specialist_eb13defb,2026-07-08T23:12:02,Revive ERP,Implementation Specialist,commercial,qualifications,command_auto_archive,implementation_delivery,false,0,20260708_231202_Revive_ERP_Implementation_Specialist_eb13defb,b49b79940a58db78f3054b6cfd5a79f0074155bf2fcf792c82e628e7a02ff5e0,
20260708_230548_Revive_ERP_Implementation_Specialist_0f3dabff,2026-07-08T23:05:48,Revive ERP,Implementation Specialist,commercial,resume,command_auto_archive,implementation_delivery,false,0,20260708_230548_Revive_ERP_Implementation_Specialist_0f3dabff,b49b79940a58db78f3054b6cfd5a79f0074155bf2fcf792c82e628e7a02ff5e0,
20260708_230101_Revive_ERP_Implementation_Specialist_ef7032e7,2026-07-08T23:01:01,Revive ERP,Implementation Specialist,commercial,resume,command_auto_archive,implementation_delivery,false,0,20260708_230101_Revive_ERP_Implementation_Specialist_ef7032e7,b49b79940a58db78f3054b6cfd5a79f0074155bf2fcf792c82e628e7a02ff5e0,
20260708_225730_Revive_ERP_Implementation_Specialist_dc05c550,2026-07-08T22:57:30,Revive ERP,Implementation Specialist,commercial,resume,command_auto_archive,implementation_delivery,false,0,20260708_225730_Revive_ERP_Implementation_Specialist_dc05c550,b49b79940a58db78f3054b6cfd5a79f0074155bf2fcf792c82e628e7a02ff5e0,
20260708_225529_Revive_ERP_Implementation_Specialist_d6ecd0a7,2026-07-08T22:55:29,Revive ERP,Implementation Specialist,commercial,cover,command_auto_archive,implementation_delivery,false,0,20260708_225529_Revive_ERP_Implementation_Specialist_d6ecd0a7,b49b79940a58db78f3054b6cfd5a79f0074155bf2fcf792c82e628e7a02ff5e0,
20260708_225454_Revive_ERP_Implementation_Specialist_6975f7da,2026-07-08T22:54:54,Revive ERP,Implementation Specialist,commercial,cover,command_auto_archive,implementation_delivery,false,0,20260708_225454_Revive_ERP_Implementation_Specialist_6975f7da,b49b79940a58db78f3054b6cfd5a79f0074155bf2fcf792c82e628e7a02ff5e0,
20260708_225429_Revive_ERP_Implementation_Specialist_7c4e7d18,2026-07-08T22:54:29,Revive ERP,Implementation Specialist,commercial,cover,command_auto_archive,implementation_delivery,false,0,20260708_225429_Revive_ERP_Implementation_Specialist_7c4e7d18,b49b79940a58db78f3054b6cfd5a79f0074155bf2fcf792c82e628e7a02ff5e0,
20260708_225318_Revive_ERP_Implementation_Specialist_9a50b362,2026-07-08T22:53:18,Revive ERP,Implementation Specialist,commercial,cover,command_auto_archive,implementation_delivery,false,0,20260708_225318_Revive_ERP_Implementation_Specialist_9a50b362,b49b79940a58db78f3054b6cfd5a79f0074155bf2fcf792c82e628e7a02ff5e0,
20260708_201411_Revive_ERP_Implementation_Specialist_d13fd689,2026-07-08T20:14:11,Revive ERP,Implementation Specialist,commercial,resume,command_auto_archive,implementation_delivery,false,0,20260708_201411_Revive_ERP_Implementation_Specialist_d13fd689,b49b79940a58db78f3054b6cfd5a79f0074155bf2fcf792c82e628e7a02ff5e0,
20260708_201358_Revive_ERP_Implementation_Specialist_a92747a7,2026-07-08T20:13:58,Revive ERP,Implementation Specialist,commercial,resume,command_auto_archive,implementation_delivery,false,0,20260708_201358_Revive_ERP_Implementation_Specialist_a92747a7,b49b79940a58db78f3054b6cfd5a79f0074155bf2fcf792c82e628e7a02ff5e0,
20260708_165457_Revive_ERP_Implementation_Specialist_662a5e1a,2026-07-08T16:54:57,Revive ERP,Implementation Specialist,commercial,resume,command_auto_archive,implementation_delivery,false,0,20260708_165457_Revive_ERP_Implementation_Specialist_662a5e1a,b49b79940a58db78f3054b6cfd5a79f0074155bf2fcf792c82e628e7a02ff5e0,
20260708_123825_Bitwarden_Digital_Customer_Success_Manager_3c8740e9,2026-07-08T12:38:25,Bitwarden,Digital Customer Success Manager,commercial,resume,command_auto_archive,customer_success,false,0,20260708_123825_Bitwarden_Digital_Customer_Success_Manager_3c8740e9,74003519a8e7e1231b612ef45f399dd7a3821377fb600e922c66bb2e7c1655b1,
20260708_114911_Bitwarden_Digital_Customer_Success_Manager_5e899e2f,2026-07-08T11:49:11,Bitwarden,Digital Customer Success Manager,commercial,resume,command_auto_archive,customer_success,false,0,20260708_114911_Bitwarden_Digital_Customer_Success_Manager_5e899e2f,74003519a8e7e1231b612ef45f399dd7a3821377fb600e922c66bb2e7c1655b1,
20260708_113104_Bitwarden_Digital_Customer_Success_Manager_59fae1f2,2026-07-08T11:31:04,Bitwarden,Digital Customer Success Manager,commercial,resume,command_auto_archive,customer_success,false,0,20260708_113104_Bitwarden_Digital_Customer_Success_Manager_59fae1f2,74003519a8e7e1231b612ef45f399dd7a3821377fb600e922c66bb2e7c1655b1,
20260708_112010_Bitwarden_Digital_Customer_Success_Manager_7473c1ae,2026-07-08T11:20:10,Bitwarden,Digital Customer Success Manager,commercial,qualifications,command_auto_archive,customer_success,false,0,20260708_112010_Bitwarden_Digital_Customer_Success_Manager_7473c1ae,74003519a8e7e1231b612ef45f399dd7a3821377fb600e922c66bb2e7c1655b1,
20260708_111900_Bitwarden_Digital_Customer_Success_Manager_d7fa43ae,2026-07-08T11:19:00,Bitwarden,Digital Customer Success Manager,commercial,qualifications,command_auto_archive,customer_success,false,0,20260708_111900_Bitwarden_Digital_Customer_Success_Manager_d7fa43ae,74003519a8e7e1231b612ef45f399dd7a3821377fb600e922c66bb2e7c1655b1,
20260708_111829_Bitwarden_Digital_Customer_Success_Manager_552fb315,2026-07-08T11:18:29,Bitwarden,Digital Customer Success Manager,commercial,resume,command_auto_archive,customer_success,false,0,20260708_111829_Bitwarden_Digital_Customer_Success_Manager_552fb315,74003519a8e7e1231b612ef45f399dd7a3821377fb600e922c66bb2e7c1655b1,
20260708_104628_Bitwarden_Digital_Customer_Success_Manager_681b68fa,2026-07-08T10:46:28,Bitwarden,Digital Customer Success Manager,commercial,resume,command_auto_archive,customer_success,false,0,20260708_104628_Bitwarden_Digital_Customer_Success_Manager_681b68fa,74003519a8e7e1231b612ef45f399dd7a3821377fb600e922c66bb2e7c1655b1,
20260703_090558_Foundant_Associate_Implementation_Consultant_-_Strategic_Advancement_Focu_6825d05c,2026-07-03T09:05:58,Foundant,Associate Implementation Consultant - Strategic Advancement Focus,commercial,resume,command_auto_archive,implementation_delivery,true,18,20260703_090558_Foundant_Associate_Implementation_Consultant_-_Strategic_Advancement_Focu_6825d05c,62952c9623ef297e3e77f59c8a33a5338f0d0b441efe82fdfb2bbf0ffd23598f,f27116e0aee426f163a3ecb9f11c240cb32eb6804faeac9a6186877ffd69a475
20260702_210439_Foundant_Associate_Implementation_Consultant_-_Strategic_Advancement_Focu_58fffb82,2026-07-02T21:04:39,Foundant,Associate Implementation Consultant - Strategic Advancement Focus,commercial,cover,command_auto_archive,implementation_delivery,true,18,20260702_210439_Foundant_Associate_Implementation_Consultant_-_Strategic_Advancement_Focu_58fffb82,62952c9623ef297e3e77f59c8a33a5338f0d0b441efe82fdfb2bbf0ffd23598f,f27116e0aee426f163a3ecb9f11c240cb32eb6804faeac9a6186877ffd69a475
20260702_205743_Foundant_Associate_Implementation_Consultant_-_Strategic_Advancement_Focu_d00ed8f8,2026-07-02T20:57:43,Foundant,Associate Implementation Consultant - Strategic Advancement Focus,commercial,resume,command_auto_archive,implementation_delivery,true,18,20260702_205743_Foundant_Associate_Implementation_Consultant_-_Strategic_Advancement_Focu_d00ed8f8,62952c9623ef297e3e77f59c8a33a5338f0d0b441efe82fdfb2bbf0ffd23598f,f27116e0aee426f163a3ecb9f11c240cb32eb6804faeac9a6186877ffd69a475
20260702_204842_Foundant_Associate_Implementation_Consultant_-_Strategic_Advancement_Focu_f0f7f3fd,2026-07-02T20:48:42,Foundant,Associate Implementation Consultant - Strategic Advancement Focus,commercial,resume,command_auto_archive,implementation_delivery,true,18,20260702_204842_Foundant_Associate_Implementation_Consultant_-_Strategic_Advancement_Focu_f0f7f3fd,62952c9623ef297e3e77f59c8a33a5338f0d0b441efe82fdfb2bbf0ffd23598f,f27116e0aee426f163a3ecb9f11c240cb32eb6804faeac9a6186877ffd69a475
20260702_204612_Foundant_Associate_Implementation_Consultant_-_Strategic_Advancement_Focu_a3ea9835,2026-07-02T20:46:12,Foundant,Associate Implementation Consultant - Strategic Advancement Focus,commercial,resume,command_auto_archive,implementation_delivery,true,18,20260702_204612_Foundant_Associate_Implementation_Consultant_-_Strategic_Advancement_Focu_a3ea9835,62952c9623ef297e3e77f59c8a33a5338f0d0b441efe82fdfb2bbf0ffd23598f,f27116e0aee426f163a3ecb9f11c240cb32eb6804faeac9a6186877ffd69a475
20260702_203858_Foundant_Associate_Implementation_Consultant_-_Strategic_Advancement_Focu_28c4cc8b,2026-07-02T20:38:58,Foundant,Associate Implementation Consultant - Strategic Advancement Focus,commercial,cover,command_auto_archive,implementation_delivery,true,18,20260702_203858_Foundant_Associate_Implementation_Consultant_-_Strategic_Advancement_Focu_28c4cc8b,62952c9623ef297e3e77f59c8a33a5338f0d0b441efe82fdfb2bbf0ffd23598f,f27116e0aee426f163a3ecb9f11c240cb32eb6804faeac9a6186877ffd69a475
20260702_203348_Foundant_Associate_Implementation_Consultant_-_Strategic_Advancement_Focu_a1243a30,2026-07-02T20:33:48,Foundant,Associate Implementation Consultant - Strategic Advancement Focus,commercial,resume,command_auto_archive,implementation_delivery,true,18,20260702_203348_Foundant_Associate_Implementation_Consultant_-_Strategic_Advancement_Focu_a1243a30,62952c9623ef297e3e77f59c8a33a5338f0d0b441efe82fdfb2bbf0ffd23598f,f27116e0aee426f163a3ecb9f11c240cb32eb6804faeac9a6186877ffd69a475
20260702_203007_Foundant_Associate_Implementation_Consultant_-_Strategic_Advancement_Focu_8faaac8a,2026-07-02T20:30:07,Foundant,Associate Implementation Consultant - Strategic Advancement Focus,commercial,resume,command_auto_archive,implementation_delivery,true,18,20260702_203007_Foundant_Associate_Implementation_Consultant_-_Strategic_Advancement_Focu_8faaac8a,62952c9623ef297e3e77f59c8a33a5338f0d0b441efe82fdfb2bbf0ffd23598f,f27116e0aee426f163a3ecb9f11c240cb32eb6804faeac9a6186877ffd69a475
20260702_202836_Foundant_Associate_Implementation_Consultant_-_Strategic_Advancement_Focu_b2815bff,2026-07-02T20:28:36,Foundant,Associate Implementation Consultant - Strategic Advancement Focus,commercial,resume,command_auto_archive,implementation_delivery,true,18,20260702_202836_Foundant_Associate_Implementation_Consultant_-_Strategic_Advancement_Focu_b2815bff,62952c9623ef297e3e77f59c8a33a5338f0d0b441efe82fdfb2bbf0ffd23598f,f27116e0aee426f163a3ecb9f11c240cb32eb6804faeac9a6186877ffd69a475
20260702_201131_Foundant_Associate_Implementation_Consultant_-_Strategic_Advancement_Focu_5d6a33dc,2026-07-02T20:11:31,Foundant,Associate Implementation Consultant - Strategic Advancement Focus,commercial,guide,command_auto_archive,implementation_delivery,true,18,20260702_201131_Foundant_Associate_Implementation_Consultant_-_Strategic_Advancement_Focu_5d6a33dc,62952c9623ef297e3e77f59c8a33a5338f0d0b441efe82fdfb2bbf0ffd23598f,f27116e0aee426f163a3ecb9f11c240cb32eb6804faeac9a6186877ffd69a475
20260702_201131_Foundant_Associate_Implementation_Consultant_-_Strategic_Advancement_Focu_67789b37,2026-07-02T20:11:31,Foundant,Associate Implementation Consultant - Strategic Advancement Focus,commercial,interview,command_auto_archive,implementation_delivery,true,18,20260702_201131_Foundant_Associate_Implementation_Consultant_-_Strategic_Advancement_Focu_67789b37,62952c9623ef297e3e77f59c8a33a5338f0d0b441efe82fdfb2bbf0ffd23598f,f27116e0aee426f163a3ecb9f11c240cb32eb6804faeac9a6186877ffd69a475
20260702_201131_Foundant_Associate_Implementation_Consultant_-_Strategic_Advancement_Focu_ff6d552a,2026-07-02T20:11:31,Foundant,Associate Implementation Consultant - Strategic Advancement Focus,commercial,qualifications,command_auto_archive,implementation_delivery,true,18,20260702_201131_Foundant_Associate_Implementation_Consultant_-_Strategic_Advancement_Focu_ff6d552a,62952c9623ef297e3e77f59c8a33a5338f0d0b441efe82fdfb2bbf0ffd23598f,f27116e0aee426f163a3ecb9f11c240cb32eb6804faeac9a6186877ffd69a475
20260702_195630_Foundant_Associate_Implementation_Consultant_-_Strategic_Advancement_Focu_e1ffc7c8,2026-07-02T19:56:30,Foundant,Associate Implementation Consultant - Strategic Advancement Focus,commercial,qualifications,command_auto_archive,implementation_delivery,true,18,20260702_195630_Foundant_Associate_Implementation_Consultant_-_Strategic_Advancement_Focu_e1ffc7c8,62952c9623ef297e3e77f59c8a33a5338f0d0b441efe82fdfb2bbf0ffd23598f,f27116e0aee426f163a3ecb9f11c240cb32eb6804faeac9a6186877ffd69a475
20260702_195348_Foundant_Associate_Implementation_Consultant_-_Strategic_Advancement_Focu_1e9235a2,2026-07-02T19:53:48,Foundant,Associate Implementation Consultant - Strategic Advancement Focus,commercial,guide,command_auto_archive,implementation_delivery,true,18,20260702_195348_Foundant_Associate_Implementation_Consultant_-_Strategic_Advancement_Focu_1e9235a2,62952c9623ef297e3e77f59c8a33a5338f0d0b441efe82fdfb2bbf0ffd23598f,f27116e0aee426f163a3ecb9f11c240cb32eb6804faeac9a6186877ffd69a475
20260702_195309_Foundant_Associate_Implementation_Consultant_-_Strategic_Advancement_Focu_fb917f3a,2026-07-02T19:53:09,Foundant,Associate Implementation Consultant - Strategic Advancement Focus,commercial,interview,command_auto_archive,implementation_delivery,true,18,20260702_195309_Foundant_Associate_Implementation_Consultant_-_Strategic_Advancement_Focu_fb917f3a,62952c9623ef297e3e77f59c8a33a5338f0d0b441efe82fdfb2bbf0ffd23598f,f27116e0aee426f163a3ecb9f11c240cb32eb6804faeac9a6186877ffd69a475
20260702_195026_Foundant_Associate_Implementation_Consultant_-_Strategic_Advancement_Focu_4017e153,2026-07-02T19:50:26,Foundant,Associate Implementation Consultant - Strategic Advancement Focus,commercial,guide,command_auto_archive,implementation_delivery,true,18,20260702_195026_Foundant_Associate_Implementation_Consultant_-_Strategic_Advancement_Focu_4017e153,62952c9623ef297e3e77f59c8a33a5338f0d0b441efe82fdfb2bbf0ffd23598f,f27116e0aee426f163a3ecb9f11c240cb32eb6804faeac9a6186877ffd69a475
20260702_194948_Foundant_Associate_Implementation_Consultant_-_Strategic_Advancement_Focu_1a2cc630,2026-07-02T19:49:48,Foundant,Associate Implementation Consultant - Strategic Advancement Focus,commercial,guide,command_auto_archive,implementation_delivery,true,18,20260702_194948_Foundant_Associate_Implementation_Consultant_-_Strategic_Advancement_Focu_1a2cc630,62952c9623ef297e3e77f59c8a33a5338f0d0b441efe82fdfb2bbf0ffd23598f,f27116e0aee426f163a3ecb9f11c240cb32eb6804faeac9a6186877ffd69a475
20260702_194948_Foundant_Associate_Implementation_Consultant_-_Strategic_Advancement_Focu_71955448,2026-07-02T19:49:48,Foundant,Associate Implementation Consultant - Strategic Advancement Focus,commercial,interview,command_auto_archive,implementation_delivery,true,18,20260702_194948_Foundant_Associate_Implementation_Consultant_-_Strategic_Advancement_Focu_71955448,62952c9623ef297e3e77f59c8a33a5338f0d0b441efe82fdfb2bbf0ffd23598f,f27116e0aee426f163a3ecb9f11c240cb32eb6804faeac9a6186877ffd69a475
20260702_194649_Foundant_Associate_Implementation_Consultant_-_Strategic_Advancement_Focu_7acd4889,2026-07-02T19:46:49,Foundant,Associate Implementation Consultant - Strategic Advancement Focus,commercial,resume,command_auto_archive,implementation_delivery,true,18,20260702_194649_Foundant_Associate_Implementation_Consultant_-_Strategic_Advancement_Focu_7acd4889,62952c9623ef297e3e77f59c8a33a5338f0d0b441efe82fdfb2bbf0ffd23598f,f27116e0aee426f163a3ecb9f11c240cb32eb6804faeac9a6186877ffd69a475
20260702_194632_Foundant_Associate_Implementation_Consultant_-_Strategic_Advancement_Focu_8aa74674,2026-07-02T19:46:32,Foundant,Associate Implementation Consultant - Strategic Advancement Focus,commercial,resume,command_auto_archive,implementation_delivery,true,18,20260702_194632_Foundant_Associate_Implementation_Consultant_-_Strategic_Advancement_Focu_8aa74674,62952c9623ef297e3e77f59c8a33a5338f0d0b441efe82fdfb2bbf0ffd23598f,f27116e0aee426f163a3ecb9f11c240cb32eb6804faeac9a6186877ffd69a475
20260702_193151_Foundant_Associate_Implementation_Consultant_-_Strategic_Advancement_Focu_5c5e4b68,2026-07-02T19:31:51,Foundant,Associate Implementation Consultant - Strategic Advancement Focus,commercial,cover,command_auto_archive,implementation_delivery,true,18,20260702_193151_Foundant_Associate_Implementation_Consultant_-_Strategic_Advancement_Focu_5c5e4b68,62952c9623ef297e3e77f59c8a33a5338f0d0b441efe82fdfb2bbf0ffd23598f,f27116e0aee426f163a3ecb9f11c240cb32eb6804faeac9a6186877ffd69a475
20260702_193125_Foundant_Associate_Implementation_Consultant_-_Strategic_Advancement_Focu_d3ddefc7,2026-07-02T19:31:25,Foundant,Associate Implementation Consultant - Strategic Advancement Focus,commercial,cover,command_auto_archive,implementation_delivery,true,18,20260702_193125_Foundant_Associate_Implementation_Consultant_-_Strategic_Advancement_Focu_d3ddefc7,62952c9623ef297e3e77f59c8a33a5338f0d0b441efe82fdfb2bbf0ffd23598f,f27116e0aee426f163a3ecb9f11c240cb32eb6804faeac9a6186877ffd69a475
20260702_160157_Foundant_Associate_Implementation_Consultant_-_Strategic_Advancement_Focu_bf8af7b8,2026-07-02T16:01:57,Foundant,Associate Implementation Consultant - Strategic Advancement Focus,commercial,cover,command_auto_archive,implementation_delivery,true,18,20260702_160157_Foundant_Associate_Implementation_Consultant_-_Strategic_Advancement_Focu_bf8af7b8,62952c9623ef297e3e77f59c8a33a5338f0d0b441efe82fdfb2bbf0ffd23598f,f27116e0aee426f163a3ecb9f11c240cb32eb6804faeac9a6186877ffd69a475
20260702_155449_Foundant_Associate_Implementation_Consultant_-_Strategic_Advancement_Focu_c29872af,2026-07-02T15:54:49,Foundant,Associate Implementation Consultant - Strategic Advancement Focus,commercial,cover,command_auto_archive,implementation_delivery,true,18,20260702_155449_Foundant_Associate_Implementation_Consultant_-_Strategic_Advancement_Focu_c29872af,62952c9623ef297e3e77f59c8a33a5338f0d0b441efe82fdfb2bbf0ffd23598f,f27116e0aee426f163a3ecb9f11c240cb32eb6804faeac9a6186877ffd69a475
20260702_154928_Foundant_Associate_Implementation_Consultant_-_Strategic_Advancement_Focu_4a8993ac,2026-07-02T15:49:28,Foundant,Associate Implementation Consultant - Strategic Advancement Focus,commercial,cover,command_auto_archive,implementation_delivery,true,18,20260702_154928_Foundant_Associate_Implementation_Consultant_-_Strategic_Advancement_Focu_4a8993ac,62952c9623ef297e3e77f59c8a33a5338f0d0b441efe82fdfb2bbf0ffd23598f,f27116e0aee426f163a3ecb9f11c240cb32eb6804faeac9a6186877ffd69a475
20260702_154623_Foundant_Associate_Implementation_Consultant_-_Strategic_Advancement_Focu_303f9787,2026-07-02T15:46:23,Foundant,Associate Implementation Consultant - Strategic Advancement Focus,commercial,cover,command_auto_archive,implementation_delivery,true,18,20260702_154623_Foundant_Associate_Implementation_Consultant_-_Strategic_Advancement_Focu_303f9787,62952c9623ef297e3e77f59c8a33a5338f0d0b441efe82fdfb2bbf0ffd23598f,f27116e0aee426f163a3ecb9f11c240cb32eb6804faeac9a6186877ffd69a475
20260702_154307_Foundant_Implementation_Consultant_78ec9bde,2026-07-02T15:43:07,Foundant,Associate Implementation Consultant - Strategic Advancement Focus,commercial,trace_backfill,trace_backfill,implementation_delivery,false,0,20260702_154307_Foundant_Implementation_Consultant_78ec9bde,62952c9623ef297e3e77f59c8a33a5338f0d0b441efe82fdfb2bbf0ffd23598f,
20260702_152916_Foundant_Associate_Implementation_Consultant_-_Strategic_Advancement_Focu_5146cb8f,2026-07-02T15:29:16,Foundant,Associate Implementation Consultant - Strategic Advancement Focus,commercial,resume,command_auto_archive,implementation_delivery,true,18,20260702_152916_Foundant_Associate_Implementation_Consultant_-_Strategic_Advancement_Focu_5146cb8f,62952c9623ef297e3e77f59c8a33a5338f0d0b441efe82fdfb2bbf0ffd23598f,f27116e0aee426f163a3ecb9f11c240cb32eb6804faeac9a6186877ffd69a475
20260702_105313_Bonterra_Implementation_Consultant_bc3dbc2e,2026-07-02T10:53:13,Bonterra,Implementation Consultant,commercial,qualifications,command_auto_archive,implementation_delivery,true,18,20260702_105313_Bonterra_Implementation_Consultant_bc3dbc2e,09b86a81bb858371f8eeb308a73067361f23fd71c67e45937f29c0fc831f0852,f27116e0aee426f163a3ecb9f11c240cb32eb6804faeac9a6186877ffd69a475
20260701_232721_Bonterra_Implementation_Consultant_6f74ac52,2026-07-01T23:27:21,Bonterra,Implementation Consultant,commercial,resume,command_auto_archive,implementation_delivery,true,18,20260701_232721_Bonterra_Implementation_Consultant_6f74ac52,09b86a81bb858371f8eeb308a73067361f23fd71c67e45937f29c0fc831f0852,f27116e0aee426f163a3ecb9f11c240cb32eb6804faeac9a6186877ffd69a475
20260701_232323_Bonterra_Implementation_Consultant_7464db85,2026-07-01T23:23:23,Bonterra,Implementation Consultant,commercial,resume,command_auto_archive,implementation_delivery,true,18,20260701_232323_Bonterra_Implementation_Consultant_7464db85,09b86a81bb858371f8eeb308a73067361f23fd71c67e45937f29c0fc831f0852,f27116e0aee426f163a3ecb9f11c240cb32eb6804faeac9a6186877ffd69a475
20260701_232320_Bonterra_Implementation_Consultant_838549e9,2026-07-01T23:23:20,Bonterra,Implementation Consultant,commercial,trace_backfill,trace_backfill,implementation_delivery,false,0,20260701_232320_Bonterra_Implementation_Consultant_838549e9,09b86a81bb858371f8eeb308a73067361f23fd71c67e45937f29c0fc831f0852,
20260701_230222_Bonterra_Implementation_Consultant_e04256de,2026-07-01T23:02:22,Bonterra,Implementation Consultant,commercial,resume,command_auto_archive,implementation_delivery,true,18,20260701_230222_Bonterra_Implementation_Consultant_e04256de,09b86a81bb858371f8eeb308a73067361f23fd71c67e45937f29c0fc831f0852,f27116e0aee426f163a3ecb9f11c240cb32eb6804faeac9a6186877ffd69a475
20260701_221150_Bonterra_Implementation_Consultant_c06b7a54,2026-07-01T22:11:50,Bonterra,Implementation Consultant,commercial,resume,command_auto_archive,implementation_delivery,true,18,20260701_221150_Bonterra_Implementation_Consultant_c06b7a54,09b86a81bb858371f8eeb308a73067361f23fd71c67e45937f29c0fc831f0852,f27116e0aee426f163a3ecb9f11c240cb32eb6804faeac9a6186877ffd69a475
20260701_221140_Tyfone_Solutions_Consultant_eee3d3ac,2026-07-01T22:11:40,Tyfone,Solutions Consultant,commercial,trace_backfill,trace_backfill,change_enablement,false,0,20260701_221140_Tyfone_Solutions_Consultant_eee3d3ac,0e07488df73bb66d133786ee93f06da8189ca10544185ffd111e425b324de4b8,
20260701_214807_Tyfone_Solutions_Consultant_931b23b8,2026-07-01T21:48:07,Tyfone,Solutions Consultant,commercial,resume,command_auto_archive,change_enablement,true,18,20260701_214807_Tyfone_Solutions_Consultant_931b23b8,0e07488df73bb66d133786ee93f06da8189ca10544185ffd111e425b324de4b8,f27116e0aee426f163a3ecb9f11c240cb32eb6804faeac9a6186877ffd69a475
20260701_214002_Deel_Implementation_Consultant_I_Enterprise_e37de854,2026-07-01T21:40:02,Deel,"Implementation Consultant I, Enterprise",commercial,resume,command_auto_archive,implementation_delivery,true,18,20260701_214002_Deel_Implementation_Consultant_I_Enterprise_e37de854,9a0d8b0e6be150b5f6aa6a3dce73d82919e9cd69cb0ffc66f2f74a0e2ff3fdee,f27116e0aee426f163a3ecb9f11c240cb32eb6804faeac9a6186877ffd69a475
20260701_213830_QTS_Data_Centers_Legal_Operations_Specialist_Technology_and_AI_a6b4f687,2026-07-01T21:38:30,QTS Data Centers,"Legal Operations Specialist, Technology and AI",commercial,resume,command_auto_archive,implementation_delivery,true,18,20260701_213830_QTS_Data_Centers_Legal_Operations_Specialist_Technology_and_AI_a6b4f687,961f772c94f273bfa7df169cd4975fdabae36bf6637ec8671f7a16eaea1da12d,f27116e0aee426f163a3ecb9f11c240cb32eb6804faeac9a6186877ffd69a475
20260701_213519_Atomicwork_Enterprise_Solution_Consultant_457a4790,2026-07-01T21:35:19,Atomicwork,Enterprise Solution Consultant,commercial,resume,command_auto_archive,presales_solution,true,18,20260701_213519_Atomicwork_Enterprise_Solution_Consultant_457a4790,a7a7c180a4d0cc5bef6967c454590d2a9e0f3ba1453698ccc460acfa1f9e1eb1,f27116e0aee426f163a3ecb9f11c240cb32eb6804faeac9a6186877ffd69a475
20260701_213459_Atomicwork_Implementation_Consultant_a077196a,2026-07-01T21:34:59,Atomicwork,Enterprise Solution Consultant,commercial,trace_backfill,trace_backfill,presales_solution,false,0,20260701_213459_Atomicwork_Implementation_Consultant_a077196a,a7a7c180a4d0cc5bef6967c454590d2a9e0f3ba1453698ccc460acfa1f9e1eb1,
20260701_211941_Atomicwork_Enterprise_Solution_Consultant_49628761,2026-07-01T21:19:41,Atomicwork,Enterprise Solution Consultant,commercial,resume,command_auto_archive,presales_solution,true,18,20260701_211941_Atomicwork_Enterprise_Solution_Consultant_49628761,a7a7c180a4d0cc5bef6967c454590d2a9e0f3ba1453698ccc460acfa1f9e1eb1,f27116e0aee426f163a3ecb9f11c240cb32eb6804faeac9a6186877ffd69a475
20260701_210111_Deel_Implementation_Consultant_c835e319,2026-07-01T21:01:11,Deel,"Implementation Consultant I, Enterprise",commercial,trace_backfill,trace_backfill,implementation_delivery,false,0,20260701_210111_Deel_Implementation_Consultant_c835e319,9a0d8b0e6be150b5f6aa6a3dce73d82919e9cd69cb0ffc66f2f74a0e2ff3fdee,
20260701_205254_Deel_Implementation_Consultant_I_Enterprise_54824f05,2026-07-01T20:52:54,Deel,"Implementation Consultant I, Enterprise",commercial,resume,command_auto_archive,implementation_delivery,true,18,20260701_205254_Deel_Implementation_Consultant_I_Enterprise_54824f05,9a0d8b0e6be150b5f6aa6a3dce73d82919e9cd69cb0ffc66f2f74a0e2ff3fdee,f27116e0aee426f163a3ecb9f11c240cb32eb6804faeac9a6186877ffd69a475
20260701_205251_Google_Technical_Account_Manager_Google_Cloud_Consulting_ae409d96,2026-07-01T20:52:51,Google,"Technical Account Manager, Google Cloud Consulting",commercial,trace_backfill,trace_backfill,implementation_delivery,false,0,20260701_205251_Google_Technical_Account_Manager_Google_Cloud_Consulting_ae409d96,56b0e21a6b1f4716bc96c618491e2d58c3ee748e89416e0d3d6a123e11c68b87,
20260701_204802_Google_Technical_Account_Manager_Google_Cloud_Consulting_4abcd8b1,2026-07-01T20:48:02,Google,"Technical Account Manager, Google Cloud Consulting",commercial,resume,command_auto_archive,implementation_delivery,true,18,20260701_204802_Google_Technical_Account_Manager_Google_Cloud_Consulting_4abcd8b1,56b0e21a6b1f4716bc96c618491e2d58c3ee748e89416e0d3d6a123e11c68b87,f27116e0aee426f163a3ecb9f11c240cb32eb6804faeac9a6186877ffd69a475
20260701_202737_QTS_Data_Centers_Legal_Operations_Specialist_Technology_and_AI_6820a21f,2026-07-01T20:27:37,QTS Data Centers,"Legal Operations Specialist, Technology and AI",commercial,resume,command_auto_archive,implementation_delivery,true,18,20260701_202737_QTS_Data_Centers_Legal_Operations_Specialist_Technology_and_AI_6820a21f,961f772c94f273bfa7df169cd4975fdabae36bf6637ec8671f7a16eaea1da12d,f27116e0aee426f163a3ecb9f11c240cb32eb6804faeac9a6186877ffd69a475
20260701_202720_QTS_Data_Centers_Implementation_Consultant_ae38931e,2026-07-01T20:27:20,QTS Data Centers,"Legal Operations Specialist, Technology and AI",commercial,trace_backfill,trace_backfill,implementation_delivery,false,0,20260701_202720_QTS_Data_Centers_Implementation_Consultant_ae38931e,961f772c94f273bfa7df169cd4975fdabae36bf6637ec8671f7a16eaea1da12d,
20260701_192438_QTS_Data_Centers_Legal_Operations_Specialist_Technology_and_AI_3a3f8d21,2026-07-01T19:24:38,QTS Data Centers,"Legal Operations Specialist, Technology and AI",commercial,resume,command_auto_archive,implementation_delivery,true,18,20260701_192438_QTS_Data_Centers_Legal_Operations_Specialist_Technology_and_AI_3a3f8d21,961f772c94f273bfa7df169cd4975fdabae36bf6637ec8671f7a16eaea1da12d,f27116e0aee426f163a3ecb9f11c240cb32eb6804faeac9a6186877ffd69a475
20260701_192433_RingCentral_AI_Forward_Deployed_Engineer_fddb28ac,2026-07-01T19:24:33,RingCentral,AI Forward Deployed Engineer,commercial,trace_backfill,trace_backfill,presales_solution,false,0,20260701_192433_RingCentral_AI_Forward_Deployed_Engineer_fddb28ac,a011a5d82aa2dd6922551f9fe679b83f58302c361d66b27860c9606545f32c30,
20260701_191533_RingCentral_AI_Forward_Deployed_Engineer_c40cff26,2026-07-01T19:15:33,RingCentral,AI Forward Deployed Engineer,commercial,resume,command_auto_archive,presales_solution,true,18,20260701_191533_RingCentral_AI_Forward_Deployed_Engineer_c40cff26,a011a5d82aa2dd6922551f9fe679b83f58302c361d66b27860c9606545f32c30,f27116e0aee426f163a3ecb9f11c240cb32eb6804faeac9a6186877ffd69a475
20260701_163125_Revive_ERP_Implementation_Specialist_5ac7eaf8,2026-07-01T16:31:25,Revive ERP,Implementation Specialist,commercial,guide,command_auto_archive,implementation_delivery,true,18,20260701_163125_Revive_ERP_Implementation_Specialist_5ac7eaf8,13c31e3c751ea25aa00b15984392d648d82bf5871940f82a86751e0589546b02,f27116e0aee426f163a3ecb9f11c240cb32eb6804faeac9a6186877ffd69a475
20260701_155443_Revive_ERP_Implementation_Specialist_d56bdd96,2026-07-01T15:54:43,Revive ERP,Implementation Specialist,commercial,guide,command_auto_archive,implementation_delivery,true,18,20260701_155443_Revive_ERP_Implementation_Specialist_d56bdd96,13c31e3c751ea25aa00b15984392d648d82bf5871940f82a86751e0589546b02,f27116e0aee426f163a3ecb9f11c240cb32eb6804faeac9a6186877ffd69a475
20260701_154748_Revive_ERP_Implementation_Specialist_b2dc960f,2026-07-01T15:47:48,Revive ERP,Implementation Specialist,commercial,guide,command_auto_archive,implementation_delivery,true,18,20260701_154748_Revive_ERP_Implementation_Specialist_b2dc960f,13c31e3c751ea25aa00b15984392d648d82bf5871940f82a86751e0589546b02,f27116e0aee426f163a3ecb9f11c240cb32eb6804faeac9a6186877ffd69a475
20260701_154410_Revive_ERP_Implementation_Specialist_44a5750d,2026-07-01T15:44:10,Revive ERP,Implementation Specialist,commercial,guide,command_auto_archive,implementation_delivery,true,18,20260701_154410_Revive_ERP_Implementation_Specialist_44a5750d,13c31e3c751ea25aa00b15984392d648d82bf5871940f82a86751e0589546b02,f27116e0aee426f163a3ecb9f11c240cb32eb6804faeac9a6186877ffd69a475
20260701_154112_Revive_ERP_Implementation_Specialist_cbb538ef,2026-07-01T15:41:12,Revive ERP,Implementation Specialist,commercial,guide,command_auto_archive,implementation_delivery,true,18,20260701_154112_Revive_ERP_Implementation_Specialist_cbb538ef,13c31e3c751ea25aa00b15984392d648d82bf5871940f82a86751e0589546b02,f27116e0aee426f163a3ecb9f11c240cb32eb6804faeac9a6186877ffd69a475
20260701_153617_Revive_ERP_Implementation_Specialist_9a56ff9e,2026-07-01T15:36:17,Revive ERP,Implementation Specialist,commercial,guide,command_auto_archive,implementation_delivery,true,18,20260701_153617_Revive_ERP_Implementation_Specialist_9a56ff9e,13c31e3c751ea25aa00b15984392d648d82bf5871940f82a86751e0589546b02,f27116e0aee426f163a3ecb9f11c240cb32eb6804faeac9a6186877ffd69a475
20260701_153602_Revive_ERP_Implementation_Specialist_e4f9916d,2026-07-01T15:36:02,Revive ERP,Implementation Specialist,commercial,interview,command_auto_archive,implementation_delivery,true,18,20260701_153602_Revive_ERP_Implementation_Specialist_e4f9916d,13c31e3c751ea25aa00b15984392d648d82bf5871940f82a86751e0589546b02,f27116e0aee426f163a3ecb9f11c240cb32eb6804faeac9a6186877ffd69a475
20260701_151012_Revive_ERP_Implementation_Specialist_85c009e7,2026-07-01T15:10:12,Revive ERP,Implementation Specialist,commercial,guide,command_auto_archive,implementation_delivery,true,18,20260701_151012_Revive_ERP_Implementation_Specialist_85c009e7,13c31e3c751ea25aa00b15984392d648d82bf5871940f82a86751e0589546b02,f27116e0aee426f163a3ecb9f11c240cb32eb6804faeac9a6186877ffd69a475
20260701_150958_Revive_ERP_Implementation_Specialist_73c1fdbc,2026-07-01T15:09:58,Revive ERP,Implementation Specialist,commercial,interview,command_auto_archive,implementation_delivery,true,18,20260701_150958_Revive_ERP_Implementation_Specialist_73c1fdbc,13c31e3c751ea25aa00b15984392d648d82bf5871940f82a86751e0589546b02,f27116e0aee426f163a3ecb9f11c240cb32eb6804faeac9a6186877ffd69a475
20260701_145854_Revive_ERP_Implementation_Specialist_16858972,2026-07-01T14:58:54,Revive ERP,Implementation Specialist,commercial,guide,command_auto_archive,implementation_delivery,true,18,20260701_145854_Revive_ERP_Implementation_Specialist_16858972,13c31e3c751ea25aa00b15984392d648d82bf5871940f82a86751e0589546b02,f27116e0aee426f163a3ecb9f11c240cb32eb6804faeac9a6186877ffd69a475
20260701_145547_Revive_ERP_Implementation_Specialist_4e922674,2026-07-01T14:55:47,Revive ERP,Implementation Specialist,commercial,interview,command_auto_archive,implementation_delivery,true,18,20260701_145547_Revive_ERP_Implementation_Specialist_4e922674,13c31e3c751ea25aa00b15984392d648d82bf5871940f82a86751e0589546b02,f27116e0aee426f163a3ecb9f11c240cb32eb6804faeac9a6186877ffd69a475
20260701_145401_Revive_ERP_Implementation_Specialist_e0633514,2026-07-01T14:54:01,Revive ERP,Implementation Specialist,commercial,guide,command_auto_archive,implementation_delivery,true,18,20260701_145401_Revive_ERP_Implementation_Specialist_e0633514,13c31e3c751ea25aa00b15984392d648d82bf5871940f82a86751e0589546b02,f27116e0aee426f163a3ecb9f11c240cb32eb6804faeac9a6186877ffd69a475
20260701_145347_Revive_ERP_Implementation_Specialist_763b3d6b,2026-07-01T14:53:47,Revive ERP,Implementation Specialist,commercial,interview,command_auto_archive,implementation_delivery,true,18,20260701_145347_Revive_ERP_Implementation_Specialist_763b3d6b,13c31e3c751ea25aa00b15984392d648d82bf5871940f82a86751e0589546b02,f27116e0aee426f163a3ecb9f11c240cb32eb6804faeac9a6186877ffd69a475
20260701_144916_Revive_ERP_Implementation_Specialist_831eaa4b,2026-07-01T14:49:16,Revive ERP,Implementation Specialist,commercial,guide,command_auto_archive,implementation_delivery,true,18,20260701_144916_Revive_ERP_Implementation_Specialist_831eaa4b,13c31e3c751ea25aa00b15984392d648d82bf5871940f82a86751e0589546b02,f27116e0aee426f163a3ecb9f11c240cb32eb6804faeac9a6186877ffd69a475
20260701_144848_Revive_ERP_Implementation_Specialist_ad31a2e7,2026-07-01T14:48:48,Revive ERP,Implementation Specialist,commercial,interview,command_auto_archive,implementation_delivery,true,18,20260701_144848_Revive_ERP_Implementation_Specialist_ad31a2e7,13c31e3c751ea25aa00b15984392d648d82bf5871940f82a86751e0589546b02,f27116e0aee426f163a3ecb9f11c240cb32eb6804faeac9a6186877ffd69a475
20260701_144455_Revive_ERP_Implementation_Specialist_836e44d3,2026-07-01T14:44:55,Revive ERP,Implementation Specialist,commercial,interview,command_auto_archive,implementation_delivery,true,18,20260701_144455_Revive_ERP_Implementation_Specialist_836e44d3,13c31e3c751ea25aa00b15984392d648d82bf5871940f82a86751e0589546b02,f27116e0aee426f163a3ecb9f11c240cb32eb6804faeac9a6186877ffd69a475
20260701_144220_Revive_ERP_Implementation_Specialist_abf85cbf,2026-07-01T14:42:20,Revive ERP,Implementation Specialist,commercial,guide,command_auto_archive,implementation_delivery,true,18,20260701_144220_Revive_ERP_Implementation_Specialist_abf85cbf,13c31e3c751ea25aa00b15984392d648d82bf5871940f82a86751e0589546b02,f27116e0aee426f163a3ecb9f11c240cb32eb6804faeac9a6186877ffd69a475
20260701_143858_Revive_ERP_Implementation_Specialist_ee392c8a,2026-07-01T14:38:58,Revive ERP,Implementation Specialist,commercial,interview,command_auto_archive,implementation_delivery,true,18,20260701_143858_Revive_ERP_Implementation_Specialist_ee392c8a,13c31e3c751ea25aa00b15984392d648d82bf5871940f82a86751e0589546b02,f27116e0aee426f163a3ecb9f11c240cb32eb6804faeac9a6186877ffd69a475
20260701_143237_Revive_ERP_Implementation_Specialist_ccfd8c8d,2026-07-01T14:32:37,Revive ERP,Implementation Specialist,commercial,interview,command_auto_archive,implementation_delivery,true,18,20260701_143237_Revive_ERP_Implementation_Specialist_ccfd8c8d,13c31e3c751ea25aa00b15984392d648d82bf5871940f82a86751e0589546b02,f27116e0aee426f163a3ecb9f11c240cb32eb6804faeac9a6186877ffd69a475
20260701_112335_Revive_ERP_Implementation_Specialist_b764ccaa,2026-07-01T11:23:35,Revive ERP,Implementation Specialist,commercial,resume,command_auto_archive,implementation_delivery,true,18,20260701_112335_Revive_ERP_Implementation_Specialist_b764ccaa,13c31e3c751ea25aa00b15984392d648d82bf5871940f82a86751e0589546b02,f27116e0aee426f163a3ecb9f11c240cb32eb6804faeac9a6186877ffd69a475
20260701_101927_Revive_ERP_Implementation_Specialist_dd1abe28,2026-07-01T10:19:27,Revive ERP,Implementation Specialist,commercial,resume,command_auto_archive,implementation_delivery,true,18,20260701_101927_Revive_ERP_Implementation_Specialist_dd1abe28,13c31e3c751ea25aa00b15984392d648d82bf5871940f82a86751e0589546b02,f27116e0aee426f163a3ecb9f11c240cb32eb6804faeac9a6186877ffd69a475
20260701_094911_Revive_ERP_Implementation_Specialist_bdbd0d66,2026-07-01T09:49:11,Revive ERP,Implementation Specialist,commercial,resume,command_auto_archive,implementation_delivery,true,18,20260701_094911_Revive_ERP_Implementation_Specialist_bdbd0d66,13c31e3c751ea25aa00b15984392d648d82bf5871940f82a86751e0589546b02,f27116e0aee426f163a3ecb9f11c240cb32eb6804faeac9a6186877ffd69a475
20260630_235444_Revive_ERP_Implementation_Specialist_19bb98cb,2026-06-30T23:54:44,Revive ERP,Implementation Specialist,commercial,resume,command_auto_archive,implementation_delivery,true,18,20260630_235444_Revive_ERP_Implementation_Specialist_19bb98cb,13c31e3c751ea25aa00b15984392d648d82bf5871940f82a86751e0589546b02,f27116e0aee426f163a3ecb9f11c240cb32eb6804faeac9a6186877ffd69a475
20260630_235431_Revive_ERP_Implementation_Consultant_0fe7f809,2026-06-30T23:54:31,Revive ERP,Implementation Specialist,commercial,trace_backfill,trace_backfill,implementation_delivery,false,0,20260630_235431_Revive_ERP_Implementation_Consultant_0fe7f809,13c31e3c751ea25aa00b15984392d648d82bf5871940f82a86751e0589546b02,
20260630_234123_Revive_ERP_Implementation_Specialist_0536c871,2026-06-30T23:41:23,Revive ERP,Implementation Specialist,commercial,resume,command_auto_archive,implementation_delivery,true,18,20260630_234123_Revive_ERP_Implementation_Specialist_0536c871,13c31e3c751ea25aa00b15984392d648d82bf5871940f82a86751e0589546b02,f27116e0aee426f163a3ecb9f11c240cb32eb6804faeac9a6186877ffd69a475
20260630_233525_ECI_Software_Solutions_Implementation_Consultant_01a9d54b,2026-06-30T23:35:25,ECI Software Solutions,Implementation Consultant,commercial,resume,command_auto_archive,implementation_delivery,true,18,20260630_233525_ECI_Software_Solutions_Implementation_Consultant_01a9d54b,5607adc9b7700331fe65d6bcfe01b0910fb0e45ac0dc37db42cae4b61290610a,f27116e0aee426f163a3ecb9f11c240cb32eb6804faeac9a6186877ffd69a475
20260630_231754_ECI_Software_Solutions_Implementation_Consultant_06a52859,2026-06-30T23:17:54,ECI Software Solutions,Implementation Consultant,commercial,resume,command_auto_archive,implementation_delivery,true,18,20260630_231754_ECI_Software_Solutions_Implementation_Consultant_06a52859,5607adc9b7700331fe65d6bcfe01b0910fb0e45ac0dc37db42cae4b61290610a,f27116e0aee426f163a3ecb9f11c240cb32eb6804faeac9a6186877ffd69a475
20260630_231720_ECI_Software_Solutions_Implementation_Consultant_64c8649a,2026-06-30T23:17:20,ECI Software Solutions,Implementation Consultant,commercial,trace_backfill,trace_backfill,implementation_delivery,false,0,20260630_231720_ECI_Software_Solutions_Implementation_Consultant_64c8649a,5607adc9b7700331fe65d6bcfe01b0910fb0e45ac0dc37db42cae4b61290610a,
20260630_223159_ECI_Software_Solutions_Implementation_Consultant_3858f02e,2026-06-30T22:31:59,ECI Software Solutions,Implementation Consultant,commercial,resume,command_auto_archive,implementation_delivery,true,18,20260630_223159_ECI_Software_Solutions_Implementation_Consultant_3858f02e,5607adc9b7700331fe65d6bcfe01b0910fb0e45ac0dc37db42cae4b61290610a,f27116e0aee426f163a3ecb9f11c240cb32eb6804faeac9a6186877ffd69a475
20260630_223027_ECI_Software_Solutions_Implementation_Consultant_bc665e27,2026-06-30T22:30:27,ECI Software Solutions,Implementation Consultant,commercial,resume,command_auto_archive,implementation_delivery,true,18,20260630_223027_ECI_Software_Solutions_Implementation_Consultant_bc665e27,5607adc9b7700331fe65d6bcfe01b0910fb0e45ac0dc37db42cae4b61290610a,f27116e0aee426f163a3ecb9f11c240cb32eb6804faeac9a6186877ffd69a475
20260630_200133_Iterable_Solutions_Consultant_46b4bf1b,2026-06-30T20:01:33,Iterable,Solutions Consultant,commercial,resume,command_auto_archive,presales_solution,true,18,20260630_200133_Iterable_Solutions_Consultant_46b4bf1b,e55d95bd6aa0ba95ba6336a10fac8c1d372ea7a4b3faf44018a06d4d4d7ff107,f27116e0aee426f163a3ecb9f11c240cb32eb6804faeac9a6186877ffd69a475
20260630_194306_Iterable_Solutions_Consultant_12381543,2026-06-30T19:43:06,Iterable,Solutions Consultant,commercial,resume,command_auto_archive,presales_solution,true,18,20260630_194306_Iterable_Solutions_Consultant_12381543,e55d95bd6aa0ba95ba6336a10fac8c1d372ea7a4b3faf44018a06d4d4d7ff107,f27116e0aee426f163a3ecb9f11c240cb32eb6804faeac9a6186877ffd69a475
20260630_185427_Pax8_Solution_Consultant_cd1aa47c,2026-06-30T18:54:27,Pax8,Solution Consultant,commercial,resume,command_auto_archive,change_enablement,true,18,20260630_185427_Pax8_Solution_Consultant_cd1aa47c,7c6663ae206aec49a64142c2eb897eb41a694bfca41fcdd782f1244790887f33,f27116e0aee426f163a3ecb9f11c240cb32eb6804faeac9a6186877ffd69a475
20260629_222824_Techolution_Implementation_Consultant_da006d76,2026-06-29T22:28:24,Techolution,AI Adoption & Transformation Manager,commercial,trace_backfill,trace_backfill,corporate_strategy,false,0,20260629_222824_Techolution_Implementation_Consultant_da006d76,ace7a5406f5aab5bcb49ad3015ad2ab1ad099f2e90bbc75082218f8b47b732ee,
20260629_220351_Techolution_AI_Adoption_Transformation_Manager_f51576e8,2026-06-29T22:03:51,Techolution,AI Adoption & Transformation Manager,commercial,resume,command_auto_archive,corporate_strategy,true,18,20260629_220351_Techolution_AI_Adoption_Transformation_Manager_f51576e8,ace7a5406f5aab5bcb49ad3015ad2ab1ad099f2e90bbc75082218f8b47b732ee,f27116e0aee426f163a3ecb9f11c240cb32eb6804faeac9a6186877ffd69a475
20260629_215945_Techolution_AI_Adoption_Transformation_Manager_c8d64615,2026-06-29T21:59:45,Techolution,AI Adoption & Transformation Manager,commercial,resume,command_auto_archive,corporate_strategy,true,18,20260629_215945_Techolution_AI_Adoption_Transformation_Manager_c8d64615,ace7a5406f5aab5bcb49ad3015ad2ab1ad099f2e90bbc75082218f8b47b732ee,f27116e0aee426f163a3ecb9f11c240cb32eb6804faeac9a6186877ffd69a475
20260629_214038_Revive_ERP_Implementation_Specialist_6963c0fb,2026-06-29T21:40:38,Revive ERP,Implementation Specialist,commercial,resume,command_auto_archive,implementation_delivery,true,18,20260629_214038_Revive_ERP_Implementation_Specialist_6963c0fb,a96ea1906b07bb83e49660ddb264faed586ab8988dbded9d97da140fad68a71e,f27116e0aee426f163a3ecb9f11c240cb32eb6804faeac9a6186877ffd69a475
20260629_213934_Techolution_AI_Adoption_Transformation_Manager_10a7d4fd,2026-06-29T21:39:34,Techolution,AI Adoption & Transformation Manager,commercial,resume,command_auto_archive,corporate_strategy,true,18,20260629_213934_Techolution_AI_Adoption_Transformation_Manager_10a7d4fd,ace7a5406f5aab5bcb49ad3015ad2ab1ad099f2e90bbc75082218f8b47b732ee,f27116e0aee426f163a3ecb9f11c240cb32eb6804faeac9a6186877ffd69a475
20260629_213928_Techolution_Techolution_39a35e9c,2026-06-29T21:39:28,Techolution,Techolution,commercial,trace_backfill,trace_backfill,product_ownership,false,0,20260629_213928_Techolution_Techolution_39a35e9c,6ef06f415bf85e5eb0b3047c6e625b2da821e7994faa2a2e5bffa1bd5715ed0f,
20260629_212612_Techolution_Techolution_2b84c36f,2026-06-29T21:26:12,Techolution,Techolution,commercial,resume,command_auto_archive,product_ownership,true,18,20260629_212612_Techolution_Techolution_2b84c36f,6ef06f415bf85e5eb0b3047c6e625b2da821e7994faa2a2e5bffa1bd5715ed0f,f27116e0aee426f163a3ecb9f11c240cb32eb6804faeac9a6186877ffd69a475
20260629_212449_Revive_ERP_Implementation_Specialist_6671c917,2026-06-29T21:24:49,Revive ERP,Implementation Specialist,commercial,qualifications,command_auto_archive,implementation_delivery,true,18,20260629_212449_Revive_ERP_Implementation_Specialist_6671c917,a96ea1906b07bb83e49660ddb264faed586ab8988dbded9d97da140fad68a71e,f27116e0aee426f163a3ecb9f11c240cb32eb6804faeac9a6186877ffd69a475
20260629_212449_Revive_ERP_Implementation_Specialist_e40c8e9c,2026-06-29T21:24:49,Revive ERP,Implementation Specialist,commercial,resume,command_auto_archive,implementation_delivery,true,18,20260629_212449_Revive_ERP_Implementation_Specialist_e40c8e9c,a96ea1906b07bb83e49660ddb264faed586ab8988dbded9d97da140fad68a71e,f27116e0aee426f163a3ecb9f11c240cb32eb6804faeac9a6186877ffd69a475
20260629_212441_Revive_ERP_Implementation_Specialist_51a7941b,2026-06-29T21:24:41,Revive ERP,Implementation Specialist,commercial,trace_backfill,trace_backfill,implementation_delivery,false,0,20260629_212441_Revive_ERP_Implementation_Specialist_51a7941b,a96ea1906b07bb83e49660ddb264faed586ab8988dbded9d97da140fad68a71e,
20260629_212412_Techolution_Techolution_0e5f74dc,2026-06-29T21:24:12,Techolution,Techolution,commercial,resume,command_auto_archive,product_ownership,true,18,20260629_212412_Techolution_Techolution_0e5f74dc,6ef06f415bf85e5eb0b3047c6e625b2da821e7994faa2a2e5bffa1bd5715ed0f,f27116e0aee426f163a3ecb9f11c240cb32eb6804faeac9a6186877ffd69a475
20260629_204955_Techolution_Techolution_a2e8b8c5,2026-06-29T20:49:55,Techolution,Techolution,commercial,resume,command_auto_archive,product_ownership,true,18,20260629_204955_Techolution_Techolution_a2e8b8c5,6ef06f415bf85e5eb0b3047c6e625b2da821e7994faa2a2e5bffa1bd5715ed0f,f27116e0aee426f163a3ecb9f11c240cb32eb6804faeac9a6186877ffd69a475
20260629_202838_Revive_ERP_Implementation_Specialist_b96b6aff,2026-06-29T20:28:38,Revive ERP,Implementation Specialist,commercial,resume,command_auto_archive,implementation_delivery,true,18,20260629_202838_Revive_ERP_Implementation_Specialist_b96b6aff,a96ea1906b07bb83e49660ddb264faed586ab8988dbded9d97da140fad68a71e,f27116e0aee426f163a3ecb9f11c240cb32eb6804faeac9a6186877ffd69a475
20260629_182515_Temp_Agency_Business_Process_Analyst_d62e442c,2026-06-29T18:25:15,Temp Agency,Business Process Analyst,commercial,trace_backfill,trace_backfill,process_improvement,false,0,20260629_182515_Temp_Agency_Business_Process_Analyst_d62e442c,810583a40ab89343719f5edd2a3a991d057c2f51fb507ab0c11c6fc247621fbe,
20260629_173936_Plataine_Solution_Engineer_49edc92b,2026-06-29T17:39:36,Plataine,Solution Engineer,commercial,resume,command_auto_archive,implementation_delivery,true,18,20260629_173936_Plataine_Solution_Engineer_49edc92b,e534cb478687dd7582e6987bcac2210b8bb235852a94d1fa51a423bc3a332e17,f27116e0aee426f163a3ecb9f11c240cb32eb6804faeac9a6186877ffd69a475
20260629_160112_Temp_Agency_Business_Process_Analyst_e06f4246,2026-06-29T16:01:12,Temp Agency,Business Process Analyst,commercial,trace_backfill,trace_backfill,process_improvement,false,0,20260629_160112_Temp_Agency_Business_Process_Analyst_e06f4246,8276935ab27958e26bb09872bdb2ba567f54e01b305d8c93aaaa467154a04ffe,
20260629_160111_BlueCherry_Integrations_Functional_Consultant_29dac0f4,2026-06-29T16:01:11,BlueCherry,Integrations Functional Consultant,commercial,legacy_import,legacy_named_job_file,implementation_delivery,false,0,20260629_160111_BlueCherry_Integrations_Functional_Consultant_29dac0f4,df7deebc1263292579d8f3c6fd2e494cd073b96c74545188a69159e28ba55f73,
20260629_160111_Circana_Business_Insights_and_Technology_Consultant_f224bfc1,2026-06-29T16:01:11,Circana,Business Insights and Technology Consultant,commercial,legacy_import,legacy_named_job_file,implementation_delivery,false,0,20260629_160111_Circana_Business_Insights_and_Technology_Consultant_f224bfc1,80653f10a5e652c1553ba63d1ac7b7e58dfefcb19c4f1daefb1fc26a1035d1b8,
20260629_114757_Temp_Agency_Business_Process_Analyst_4f6d7164,2026-06-29T11:47:57,Temp Agency,Business Process Analyst,commercial,resume,command_auto_archive,process_improvement,true,18,20260629_114757_Temp_Agency_Business_Process_Analyst_4f6d7164,8276935ab27958e26bb09872bdb2ba567f54e01b305d8c93aaaa467154a04ffe,f27116e0aee426f163a3ecb9f11c240cb32eb6804faeac9a6186877ffd69a475
20260629_041339_State_Farm_Technical_Administrator_a2fd617c,2026-06-29T04:13:39,State Farm,Technical Administrator,commercial,trace_backfill,trace_backfill,process_improvement,false,0,20260629_041339_State_Farm_Technical_Administrator_a2fd617c,ab1803abfe0d1f3d6abbf92d7a8c989e33388f41ea37bf3e5d06d0ea8bc294ae,
20260629_033910_State_Farm_Technical_Administrator_e934e33a,2026-06-29T03:39:10,State Farm,Technical Administrator,commercial,resume,command_auto_archive,process_improvement,true,18,20260629_033910_State_Farm_Technical_Administrator_e934e33a,ab1803abfe0d1f3d6abbf92d7a8c989e33388f41ea37bf3e5d06d0ea8bc294ae,f27116e0aee426f163a3ecb9f11c240cb32eb6804faeac9a6186877ffd69a475
20260629_033902_Guidehouse_Senior_Consultant_-_Organizational_Change_Management_-_Healthcar_c1a0e0cb,2026-06-29T03:39:02,Guidehouse,Senior Consultant - Organizational Change Management - Healthcare Technology Con,commercial,legacy_import,legacy_named_job_file,change_enablement,false,0,20260629_033902_Guidehouse_Senior_Consultant_-_Organizational_Change_Management_-_Healthcar_c1a0e0cb,f4407b9fcbaab16b58b543f26df4250148cda60c02ff25e07fc76d0809b56a0e,
20260628_232818_State_Farm_Technical_Administrator_0320a88c,2026-06-28T23:28:18,State Farm,Technical Administrator,commercial,resume,command_auto_archive,process_improvement,true,18,20260628_232818_State_Farm_Technical_Administrator_0320a88c,709cb3bb93978b7884ba577d1457e725f269fde0c2003438e58ea51a1cca58bc,f27116e0aee426f163a3ecb9f11c240cb32eb6804faeac9a6186877ffd69a475
20260627_160512_Pax8_Implementation_Consultant_dea10f2b,2026-06-27T16:05:12,Pax8,Solution Consultant,commercial,trace_backfill,trace_backfill,change_enablement,false,0,20260627_160512_Pax8_Implementation_Consultant_dea10f2b,197395cbaa088b649f0c3f2b78889215cfa3fd38b01498ba3ca05c33d4c65e44,
20260627_000058_Pax8_Solution_Consultant_5e177fcb,2026-06-27T00:00:58,Pax8,Solution Consultant,commercial,resume,command_auto_archive,change_enablement,true,18,20260627_000058_Pax8_Solution_Consultant_5e177fcb,197395cbaa088b649f0c3f2b78889215cfa3fd38b01498ba3ca05c33d4c65e44,f27116e0aee426f163a3ecb9f11c240cb32eb6804faeac9a6186877ffd69a475
20260627_000046_Braven_Associate_Director_Project_Management_b436d27e,2026-06-27T00:00:46,Braven,"Associate Director, Project Management",commercial,trace_backfill,trace_backfill,program_delivery,false,0,20260627_000046_Braven_Associate_Director_Project_Management_b436d27e,597d9170037cd03aebc41345e7fd2ac591faca9a308e39679bb4893745c503ca,
20260626_230909_Braven_Associate_Director_Project_Management_249b1871,2026-06-26T23:09:09,Braven,"Associate Director, Project Management",commercial,resume,command_auto_archive,program_delivery,true,18,20260626_230909_Braven_Associate_Director_Project_Management_249b1871,597d9170037cd03aebc41345e7fd2ac591faca9a308e39679bb4893745c503ca,f27116e0aee426f163a3ecb9f11c240cb32eb6804faeac9a6186877ffd69a475
20260626_201303_Clorox_Implementation_Consultant_62c8584a,2026-06-26T20:13:03,Clorox,"Senior Analyst, Global External Manufacturing",commercial,trace_backfill,trace_backfill,process_improvement,false,0,20260626_201303_Clorox_Implementation_Consultant_62c8584a,85f242c1e4d6d9ef03bccdbf8af8f342de7779232022fcb10fdb9555f655626a,
20260626_152146_Clorox_Implementation_Consultant_0a4433b7,2026-06-26T15:21:46,Clorox,"Senior Analyst, Global External Manufacturing",commercial,trace_backfill,trace_backfill,process_improvement,false,0,20260626_152146_Clorox_Implementation_Consultant_0a4433b7,07200800cd038baf0616367f197ac96bac50208e1f9a76b49ca1b77c2cd98354,
20260626_000806_Clorox_Senior_Analyst_Global_External_Manufacturing_f7d2b64b,2026-06-26T00:08:06,Clorox,"Senior Analyst, Global External Manufacturing",commercial,resume,command_auto_archive,process_improvement,true,18,20260626_000806_Clorox_Senior_Analyst_Global_External_Manufacturing_f7d2b64b,07200800cd038baf0616367f197ac96bac50208e1f9a76b49ca1b77c2cd98354,f27116e0aee426f163a3ecb9f11c240cb32eb6804faeac9a6186877ffd69a475
20260626_000755_micro1_Talent_Operations_Manager_388108e8,2026-06-26T00:07:55,micro1,Talent Operations Manager,commercial,trace_backfill,trace_backfill,customer_success,false,0,20260626_000755_micro1_Talent_Operations_Manager_388108e8,4580ddbcb3792b5e690a4e5699e5a5d2bfcc9e0b559e4243839e70dc00b808ba,
20260625_223813_micro1_Talent_Operations_Manager_0603cdfc,2026-06-25T22:38:13,micro1,Talent Operations Manager,commercial,resume,command_auto_archive,customer_success,true,18,20260625_223813_micro1_Talent_Operations_Manager_0603cdfc,4580ddbcb3792b5e690a4e5699e5a5d2bfcc9e0b559e4243839e70dc00b808ba,f27116e0aee426f163a3ecb9f11c240cb32eb6804faeac9a6186877ffd69a475
20260625_223802_ArcherPoint_Implementation_Consultant_15d98a17,2026-06-25T22:38:02,ArcherPoint,Implementation Consultant,commercial,trace_backfill,trace_backfill,change_enablement,false,0,20260625_223802_ArcherPoint_Implementation_Consultant_15d98a17,15b5039bb356c0432e2da2769fbd80b90d4f5073af7bb5bb31d370003abbdb6a,
20260625_221132_ArcherPoint_Implementation_Consultant_90283c4a,2026-06-25T22:11:32,ArcherPoint,Implementation Consultant,commercial,resume,command_auto_archive,change_enablement,true,18,20260625_221132_ArcherPoint_Implementation_Consultant_90283c4a,15b5039bb356c0432e2da2769fbd80b90d4f5073af7bb5bb31d370003abbdb6a,f27116e0aee426f163a3ecb9f11c240cb32eb6804faeac9a6186877ffd69a475
20260625_221121_ArcherPoint_ERP_Project_Manager_d45faf88,2026-06-25T22:11:21,ArcherPoint,ERP Project Manager,commercial,trace_backfill,trace_backfill,program_delivery,false,0,20260625_221121_ArcherPoint_ERP_Project_Manager_d45faf88,fdfd47804759adaf92010c4cbd05a833237bb86481796cfe18f08c61b2c927d4,
20260625_220116_ArcherPoint_ERP_Project_Manager_bbf9090d,2026-06-25T22:01:16,ArcherPoint,ERP Project Manager,commercial,resume,command_auto_archive,program_delivery,true,18,20260625_220116_ArcherPoint_ERP_Project_Manager_bbf9090d,fdfd47804759adaf92010c4cbd05a833237bb86481796cfe18f08c61b2c927d4,f27116e0aee426f163a3ecb9f11c240cb32eb6804faeac9a6186877ffd69a475
20260625_164602_QTS_Procurement_Analyst_147ca61f,2026-06-25T16:46:02,QTS,Procurement Analyst,commercial,resume,command_auto_archive,analytics_operations,true,18,20260625_164602_QTS_Procurement_Analyst_147ca61f,e25130dc4d29b4d2b35d5cc762e63b731dcc3cbc226f2de8b4f3b90079b4c706,f27116e0aee426f163a3ecb9f11c240cb32eb6804faeac9a6186877ffd69a475
20260625_164436_QTS_Implementation_Consultant_a215cf5f,2026-06-25T16:44:36,QTS,Procurement Analyst,commercial,trace_backfill,trace_backfill,analytics_operations,false,0,20260625_164436_QTS_Implementation_Consultant_a215cf5f,e25130dc4d29b4d2b35d5cc762e63b731dcc3cbc226f2de8b4f3b90079b4c706,
20260625_154921_QTS_Procurement_Analyst_24092d83,2026-06-25T15:49:21,QTS,Procurement Analyst,commercial,resume,command_auto_archive,analytics_operations,true,18,20260625_154921_QTS_Procurement_Analyst_24092d83,e25130dc4d29b4d2b35d5cc762e63b731dcc3cbc226f2de8b4f3b90079b4c706,f27116e0aee426f163a3ecb9f11c240cb32eb6804faeac9a6186877ffd69a475
20260625_154914_QTS_Procurement_Operations_Analyst_bb022816,2026-06-25T15:49:14,QTS,Procurement Operations Analyst,commercial,trace_backfill,trace_backfill,change_enablement,false,0,20260625_154914_QTS_Procurement_Operations_Analyst_bb022816,1d6a4f559bb6525afedff2bf5a81328100a924a45c15e5c96d5dbc75e2cb4ded,
20260625_154128_QTS_Procurement_Operations_Analyst_1cb2405e,2026-06-25T15:41:28,QTS,Procurement Operations Analyst,commercial,resume,command_auto_archive,change_enablement,true,18,20260625_154128_QTS_Procurement_Operations_Analyst_1cb2405e,1d6a4f559bb6525afedff2bf5a81328100a924a45c15e5c96d5dbc75e2cb4ded,f27116e0aee426f163a3ecb9f11c240cb32eb6804faeac9a6186877ffd69a475
20260625_154121_QTS_SProcurement_Operations_Analyst_403f2697,2026-06-25T15:41:21,QTS,SProcurement Operations Analyst,commercial,trace_backfill,trace_backfill,change_enablement,false,0,20260625_154121_QTS_SProcurement_Operations_Analyst_403f2697,e631dc508933528a13b73bc1860082fae884385768ae4d4a65a179327f8cf396,
20260625_154025_QTS_SProcurement_Operations_Analyst_2e5def2e,2026-06-25T15:40:25,QTS,SProcurement Operations Analyst,commercial,resume,command_auto_archive,change_enablement,true,18,20260625_154025_QTS_SProcurement_Operations_Analyst_2e5def2e,e631dc508933528a13b73bc1860082fae884385768ae4d4a65a179327f8cf396,f27116e0aee426f163a3ecb9f11c240cb32eb6804faeac9a6186877ffd69a475
20260625_154011_QTS_Sales_Operations_Analyst_a5a5605e,2026-06-25T15:40:11,QTS,Sales Operations Analyst,commercial,trace_backfill,trace_backfill,process_improvement,false,0,20260625_154011_QTS_Sales_Operations_Analyst_a5a5605e,00a823fbaa9397f99e6afb89b714e3017ae3d467505fcfe4ff6536a2f1618f39,
20260625_152734_QTS_Sales_Operations_Analyst_e8c2a141,2026-06-25T15:27:34,QTS,Sales Operations Analyst,commercial,resume,command_auto_archive,process_improvement,true,18,20260625_152734_QTS_Sales_Operations_Analyst_e8c2a141,00a823fbaa9397f99e6afb89b714e3017ae3d467505fcfe4ff6536a2f1618f39,f27116e0aee426f163a3ecb9f11c240cb32eb6804faeac9a6186877ffd69a475
20260625_152727_Chartis_Associate_Knowledge_Management_177753d9,2026-06-25T15:27:27,Chartis,"Associate, Knowledge Management",commercial,trace_backfill,trace_backfill,change_enablement,false,0,20260625_152727_Chartis_Associate_Knowledge_Management_177753d9,dd6b454d89d128eece97b69aa6bce580113697ad3241e5c48d8563657d37f77a,
20260625_152032_Chartis_Associate_Knowledge_Management_b8213ece,2026-06-25T15:20:32,Chartis,"Associate, Knowledge Management",commercial,resume,command_auto_archive,change_enablement,true,18,20260625_152032_Chartis_Associate_Knowledge_Management_b8213ece,dd6b454d89d128eece97b69aa6bce580113697ad3241e5c48d8563657d37f77a,f27116e0aee426f163a3ecb9f11c240cb32eb6804faeac9a6186877ffd69a475
20260625_152025_Worldpay_Sales_Solutions_Consultant_b7a9b15f,2026-06-25T15:20:25,Worldpay,Sales Solutions Consultant,commercial,trace_backfill,trace_backfill,presales_solution,false,0,20260625_152025_Worldpay_Sales_Solutions_Consultant_b7a9b15f,ea89e4043020ca55bd039e6bfc4bc9cefa2a728093ad151365564d9fc0a1734b,
20260625_142406_Worldpay_Sales_Solutions_Consultant_495becd8,2026-06-25T14:24:06,Worldpay,Sales Solutions Consultant,commercial,resume,command_auto_archive,presales_solution,true,18,20260625_142406_Worldpay_Sales_Solutions_Consultant_495becd8,ea89e4043020ca55bd039e6bfc4bc9cefa2a728093ad151365564d9fc0a1734b,f27116e0aee426f163a3ecb9f11c240cb32eb6804faeac9a6186877ffd69a475
20260625_133523_QTS_Data_Centers_Implementation_Consultant_2dcf9f93,2026-06-25T13:35:23,QTS Data Centers,Procurement Systems Data Analyst,commercial,trace_backfill,trace_backfill,analytics_operations,false,0,20260625_133523_QTS_Data_Centers_Implementation_Consultant_2dcf9f93,fa8f1402505756d52d1c0285892dd489bf41efeb1b4702c436183d1930297f55,
20260625_090856_QTS_Data_Centers_Procurement_Systems_Data_Analyst_0f8474cb,2026-06-25T09:08:56,QTS Data Centers,Procurement Systems Data Analyst,commercial,resume,command_auto_archive,analytics_operations,true,18,20260625_090856_QTS_Data_Centers_Procurement_Systems_Data_Analyst_0f8474cb,fa8f1402505756d52d1c0285892dd489bf41efeb1b4702c436183d1930297f55,f27116e0aee426f163a3ecb9f11c240cb32eb6804faeac9a6186877ffd69a475
20260625_090845_Crowe_Senior_Sourcing_Analyst_IT_and_AI_Procurement_612bfa69,2026-06-25T09:08:45,Crowe,"Senior Sourcing Analyst, IT and AI Procurement",commercial,trace_backfill,trace_backfill,corporate_strategy,false,0,20260625_090845_Crowe_Senior_Sourcing_Analyst_IT_and_AI_Procurement_612bfa69,a8f957cc4d977a85c5ea34a2dd9b6f49f14ab4fe57095e4b46ec5c75c808ea84,
20260624_233910_Crowe_Senior_Sourcing_Analyst_IT_and_AI_Procurement_f08287ab,2026-06-24T23:39:10,Crowe,"Senior Sourcing Analyst, IT and AI Procurement",commercial,resume,command_auto_archive,corporate_strategy,true,18,20260624_233910_Crowe_Senior_Sourcing_Analyst_IT_and_AI_Procurement_f08287ab,a8f957cc4d977a85c5ea34a2dd9b6f49f14ab4fe57095e4b46ec5c75c808ea84,f27116e0aee426f163a3ecb9f11c240cb32eb6804faeac9a6186877ffd69a475
20260624_233903_Crowe_AI_Enablement_Manager_22a5b27d,2026-06-24T23:39:03,Crowe,AI Enablement Manager,commercial,trace_backfill,trace_backfill,program_delivery,false,0,20260624_233903_Crowe_AI_Enablement_Manager_22a5b27d,49b9986421021d87ba09ee3a730ce1d9327ef378d2b3230d6611401b47074f72,
20260624_230141_Crowe_AI_Enablement_Manager_4c753f1a,2026-06-24T23:01:41,Crowe,AI Enablement Manager,commercial,resume,command_auto_archive,program_delivery,true,18,20260624_230141_Crowe_AI_Enablement_Manager_4c753f1a,49b9986421021d87ba09ee3a730ce1d9327ef378d2b3230d6611401b47074f72,f27116e0aee426f163a3ecb9f11c240cb32eb6804faeac9a6186877ffd69a475
20260624_230134_Cognizant_Consultant_69ca67db,2026-06-24T23:01:34,Cognizant,Consultant,commercial,trace_backfill,trace_backfill,implementation_delivery,false,0,20260624_230134_Cognizant_Consultant_69ca67db,0fcf0d4cdd1410ab4664584f59b51bcf5a26d95b863749e638679804e1f938c7,
20260624_225451_Cognizant_Consultant_4b42d47f,2026-06-24T22:54:51,Cognizant,Consultant,commercial,resume,command_auto_archive,implementation_delivery,true,18,20260624_225451_Cognizant_Consultant_4b42d47f,0fcf0d4cdd1410ab4664584f59b51bcf5a26d95b863749e638679804e1f938c7,f27116e0aee426f163a3ecb9f11c240cb32eb6804faeac9a6186877ffd69a475
20260624_225445_Cority_Technical_Consultant_Risk_Control_Consulting_Center_f3de723c,2026-06-24T22:54:45,Cority,"Technical Consultant, Risk Control Consulting Center",commercial,trace_backfill,trace_backfill,program_delivery,false,0,20260624_225445_Cority_Technical_Consultant_Risk_Control_Consulting_Center_f3de723c,8e76c0c03ad3acb2bcbdb6ff08355bfab70a9ba696f11ca110c5b286cb30b7ec,
20260624_224825_Cority_Technical_Consultant_Risk_Control_Consulting_Center_0b4f3786,2026-06-24T22:48:25,Cority,"Technical Consultant, Risk Control Consulting Center",commercial,resume,command_auto_archive,program_delivery,true,18,20260624_224825_Cority_Technical_Consultant_Risk_Control_Consulting_Center_0b4f3786,8e76c0c03ad3acb2bcbdb6ff08355bfab70a9ba696f11ca110c5b286cb30b7ec,f27116e0aee426f163a3ecb9f11c240cb32eb6804faeac9a6186877ffd69a475
20260624_224818_Liberty_Mutual_Technical_Consultant_Risk_Control_Consulting_Center_6a40fa1d,2026-06-24T22:48:18,Liberty Mutual,"Technical Consultant, Risk Control Consulting Center",commercial,trace_backfill,trace_backfill,analytics_operations,false,0,20260624_224818_Liberty_Mutual_Technical_Consultant_Risk_Control_Consulting_Center_6a40fa1d,e49f77b10b6e3a3ddacc3c72c41aae211cfb7bece3e356ca96eda0b79a121466,
20260624_224044_Liberty_Mutual_Technical_Consultant_Risk_Control_Consulting_Center_7f8562e7,2026-06-24T22:40:44,Liberty Mutual,"Technical Consultant, Risk Control Consulting Center",commercial,resume,command_auto_archive,analytics_operations,true,18,20260624_224044_Liberty_Mutual_Technical_Consultant_Risk_Control_Consulting_Center_7f8562e7,e49f77b10b6e3a3ddacc3c72c41aae211cfb7bece3e356ca96eda0b79a121466,f27116e0aee426f163a3ecb9f11c240cb32eb6804faeac9a6186877ffd69a475
20260624_223522_Intapp_Senior_Technical_Consultant_2cbfd9a3,2026-06-24T22:35:22,Intapp,Senior Technical Consultant,commercial,qualifications,command_auto_archive,implementation_delivery,true,18,20260624_223522_Intapp_Senior_Technical_Consultant_2cbfd9a3,c59eb97c536ad2ed5abd686d9a57137ff88d7584eb306574b68368766f788bc9,f27116e0aee426f163a3ecb9f11c240cb32eb6804faeac9a6186877ffd69a475
20260624_223522_Intapp_Senior_Technical_Consultant_35f63bb8,2026-06-24T22:35:22,Intapp,Senior Technical Consultant,commercial,guide,command_auto_archive,implementation_delivery,true,18,20260624_223522_Intapp_Senior_Technical_Consultant_35f63bb8,c59eb97c536ad2ed5abd686d9a57137ff88d7584eb306574b68368766f788bc9,f27116e0aee426f163a3ecb9f11c240cb32eb6804faeac9a6186877ffd69a475
20260624_223522_Intapp_Senior_Technical_Consultant_7b14aac0,2026-06-24T22:35:22,Intapp,Senior Technical Consultant,commercial,interview,command_auto_archive,implementation_delivery,true,18,20260624_223522_Intapp_Senior_Technical_Consultant_7b14aac0,c59eb97c536ad2ed5abd686d9a57137ff88d7584eb306574b68368766f788bc9,f27116e0aee426f163a3ecb9f11c240cb32eb6804faeac9a6186877ffd69a475
20260624_223450_Intapp_Implementation_Consultant_7878fdec,2026-06-24T22:34:50,Intapp,Senior Technical Consultant,commercial,trace_backfill,trace_backfill,implementation_delivery,false,0,20260624_223450_Intapp_Implementation_Consultant_7878fdec,c59eb97c536ad2ed5abd686d9a57137ff88d7584eb306574b68368766f788bc9,
20260624_223257_Intapp_Senior_Technical_Consultant_106af544,2026-06-24T22:32:57,Intapp,Senior Technical Consultant,commercial,resume,command_auto_archive,implementation_delivery,true,15,20260624_223257_Intapp_Senior_Technical_Consultant_106af544,c59eb97c536ad2ed5abd686d9a57137ff88d7584eb306574b68368766f788bc9,428601e4ac23a08ea4a15e17f91a1ad9d0169a3787d902c4b653104b0bf9a328
20260624_223250_Crowe_Performance_Improvement_Operations_Consulting_Manager_a2dce850,2026-06-24T22:32:50,Crowe,Performance Improvement Operations Consulting Manager,commercial,trace_backfill,trace_backfill,corporate_strategy,false,0,20260624_223250_Crowe_Performance_Improvement_Operations_Consulting_Manager_a2dce850,fcf7f3c2e413bba9754d97db903514f90eb66c3d0a9d7e9774a889ab87ef7dc8,
20260624_221303_Crowe_Performance_Improvement_Operations_Consulting_Manager_10e5e8ca,2026-06-24T22:13:03,Crowe,Performance Improvement Operations Consulting Manager,commercial,resume,command_auto_archive,corporate_strategy,true,15,20260624_221303_Crowe_Performance_Improvement_Operations_Consulting_Manager_10e5e8ca,fcf7f3c2e413bba9754d97db903514f90eb66c3d0a9d7e9774a889ab87ef7dc8,428601e4ac23a08ea4a15e17f91a1ad9d0169a3787d902c4b653104b0bf9a328
20260624_221256_Manager_Project_Integration_-_Merchandising_Manager_Project_Integration_-_Merchandising_fa11ebc4,2026-06-24T22:12:56,Manager Project Integration - Merchandising,Manager Project Integration - Merchandising,commercial,trace_backfill,trace_backfill,process_improvement,false,0,20260624_221256_Manager_Project_Integration_-_Merchandising_Manager_Project_Integration_-_Merchandising_fa11ebc4,961b1cd14c2037cda09a6ad1f00438732cc9326b93b27afa30bba78f3a0c888c,
20260624_211743_Manager_Project_Integration_-_Merchandising_Manager_Project_Integration_-_Merchandising_0772837b,2026-06-24T21:17:43,Manager Project Integration - Merchandising,Manager Project Integration - Merchandising,commercial,resume,command_auto_archive,process_improvement,true,15,20260624_211743_Manager_Project_Integration_-_Merchandising_Manager_Project_Integration_-_Merchandising_0772837b,961b1cd14c2037cda09a6ad1f00438732cc9326b93b27afa30bba78f3a0c888c,428601e4ac23a08ea4a15e17f91a1ad9d0169a3787d902c4b653104b0bf9a328
20260624_211734_Delta_Air_Lines_Project_Manager_Crew_Resources_-_Product_Delivery_323eff1c,2026-06-24T21:17:34,Delta Air Lines,"Project Manager, Crew Resources - Product Delivery",commercial,trace_backfill,trace_backfill,program_delivery,false,0,20260624_211734_Delta_Air_Lines_Project_Manager_Crew_Resources_-_Product_Delivery_323eff1c,7333afd61f6609c78efd8ccaf981baca26c3119e36d5fbf77c73283276ea4bfa,
20260624_205117_Delta_Air_Lines_Project_Manager_Crew_Resources_-_Product_Delivery_b2d18437,2026-06-24T20:51:17,Delta Air Lines,"Project Manager, Crew Resources - Product Delivery",commercial,resume,command_auto_archive,program_delivery,true,15,20260624_205117_Delta_Air_Lines_Project_Manager_Crew_Resources_-_Product_Delivery_b2d18437,7333afd61f6609c78efd8ccaf981baca26c3119e36d5fbf77c73283276ea4bfa,428601e4ac23a08ea4a15e17f91a1ad9d0169a3787d902c4b653104b0bf9a328
20260624_205107_Delta_Air_Lines_Responsibilities_93b4223e,2026-06-24T20:51:07,Delta Air Lines,Responsibilities,commercial,trace_backfill,trace_backfill,product_ownership,false,0,20260624_205107_Delta_Air_Lines_Responsibilities_93b4223e,7282bc93a164fcacba66b03a17287e24fe1b6dc486951c8ad746aca40f9678c3,
20260624_204209_Delta_Air_Lines_Responsibilities_1011c371,2026-06-24T20:42:09,Delta Air Lines,Responsibilities,commercial,resume,command_auto_archive,product_ownership,true,15,20260624_204209_Delta_Air_Lines_Responsibilities_1011c371,7282bc93a164fcacba66b03a17287e24fe1b6dc486951c8ad746aca40f9678c3,428601e4ac23a08ea4a15e17f91a1ad9d0169a3787d902c4b653104b0bf9a328
20260624_204201_Delta_Air_Lines_Project_Manager_Crew_Mod_Implementation_4a255d07,2026-06-24T20:42:01,Delta Air Lines,"Project Manager, Crew Mod Implementation",commercial,trace_backfill,trace_backfill,program_delivery,false,0,20260624_204201_Delta_Air_Lines_Project_Manager_Crew_Mod_Implementation_4a255d07,acecd4603253e1218a5ef6c4128945853db1d48de76457e02ef7346aae9d536a,
20260624_201906_Delta_Air_Lines_Project_Manager_Crew_Mod_Implementation_543d1c79,2026-06-24T20:19:06,Delta Air Lines,"Project Manager, Crew Mod Implementation",commercial,resume,command_auto_archive,program_delivery,true,15,20260624_201906_Delta_Air_Lines_Project_Manager_Crew_Mod_Implementation_543d1c79,acecd4603253e1218a5ef6c4128945853db1d48de76457e02ef7346aae9d536a,428601e4ac23a08ea4a15e17f91a1ad9d0169a3787d902c4b653104b0bf9a328
20260624_201856_Delta_Air_Lines_Product_Manager_Airport_Customer_Service_e33f49da,2026-06-24T20:18:56,Delta Air Lines,"Product Manager, Airport Customer Service",commercial,trace_backfill,trace_backfill,product_ownership,false,0,20260624_201856_Delta_Air_Lines_Product_Manager_Airport_Customer_Service_e33f49da,f10e9a52caef3276683d79bbe5b580bc3f9f024ac118d1694d9ccfb50a54a6f7,
20260624_200636_Delta_Air_Lines_Product_Manager_Airport_Customer_Service_5688d989,2026-06-24T20:06:36,Delta Air Lines,"Product Manager, Airport Customer Service",commercial,resume,command_auto_archive,product_ownership,true,15,20260624_200636_Delta_Air_Lines_Product_Manager_Airport_Customer_Service_5688d989,f10e9a52caef3276683d79bbe5b580bc3f9f024ac118d1694d9ccfb50a54a6f7,428601e4ac23a08ea4a15e17f91a1ad9d0169a3787d902c4b653104b0bf9a328
20260624_200626_Delta_Air_Lines_Specialist_Business_Solutions_-_Resource_Planning_5eb5ed4f,2026-06-24T20:06:26,Delta Air Lines,"Specialist, Business Solutions - Resource Planning",commercial,trace_backfill,trace_backfill,analytics_operations,false,0,20260624_200626_Delta_Air_Lines_Specialist_Business_Solutions_-_Resource_Planning_5eb5ed4f,53e2e7763fa95252167ec6e191fd4591aea5ec866e742834771dde1af41f4fc9,
20260624_195340_Delta_Air_Lines_Specialist_Business_Solutions_-_Resource_Planning_429c0bcf,2026-06-24T19:53:40,Delta Air Lines,"Specialist, Business Solutions - Resource Planning",commercial,resume,command_auto_archive,analytics_operations,true,15,20260624_195340_Delta_Air_Lines_Specialist_Business_Solutions_-_Resource_Planning_429c0bcf,53e2e7763fa95252167ec6e191fd4591aea5ec866e742834771dde1af41f4fc9,428601e4ac23a08ea4a15e17f91a1ad9d0169a3787d902c4b653104b0bf9a328
20260624_195330_State_Farm_Product_Analyst_Sharing_Economy_f06971ec,2026-06-24T19:53:30,State Farm,"Product Analyst, Sharing Economy",commercial,trace_backfill,trace_backfill,product_ownership,false,0,20260624_195330_State_Farm_Product_Analyst_Sharing_Economy_f06971ec,f781c439da706c6b479ddc6233b85d9d664e503eca9bd2a81b81f4812dfc8ce4,
20260624_194024_State_Farm_Product_Analyst_Sharing_Economy_0407c47f,2026-06-24T19:40:24,State Farm,"Product Analyst, Sharing Economy",commercial,resume,command_auto_archive,product_ownership,true,15,20260624_194024_State_Farm_Product_Analyst_Sharing_Economy_0407c47f,f781c439da706c6b479ddc6233b85d9d664e503eca9bd2a81b81f4812dfc8ce4,428601e4ac23a08ea4a15e17f91a1ad9d0169a3787d902c4b653104b0bf9a328
20260624_194014_DailyPay_Implementation_Manager_4b1901c6,2026-06-24T19:40:14,DailyPay,Implementation Manager,commercial,trace_backfill,trace_backfill,implementation_delivery,false,0,20260624_194014_DailyPay_Implementation_Manager_4b1901c6,06bdd2ea2753f722e9064de016179c20a3a61be89db080d7991d36a2c9bbb5b7,
20260624_190731_DailyPay_Implementation_Manager_9e42a1d9,2026-06-24T19:07:31,DailyPay,Implementation Manager,commercial,resume,command_auto_archive,implementation_delivery,true,15,20260624_190731_DailyPay_Implementation_Manager_9e42a1d9,06bdd2ea2753f722e9064de016179c20a3a61be89db080d7991d36a2c9bbb5b7,428601e4ac23a08ea4a15e17f91a1ad9d0169a3787d902c4b653104b0bf9a328
20260623_235718_Intuit_Senior_Pre-Sales_Engineer_Mid_Market_073642b7,2026-06-23T23:57:18,Intuit,"Senior Pre-Sales Engineer, Mid Market",commercial,interview,command_auto_archive,presales_solution,true,15,20260623_235718_Intuit_Senior_Pre-Sales_Engineer_Mid_Market_073642b7,e0c3c1f35893f983945fd0335426b2a5464959e10d66ae43386a8c55ce5bb459,428601e4ac23a08ea4a15e17f91a1ad9d0169a3787d902c4b653104b0bf9a328
20260623_235718_Intuit_Senior_Pre-Sales_Engineer_Mid_Market_e4752ace,2026-06-23T23:57:18,Intuit,"Senior Pre-Sales Engineer, Mid Market",commercial,guide,command_auto_archive,presales_solution,true,15,20260623_235718_Intuit_Senior_Pre-Sales_Engineer_Mid_Market_e4752ace,e0c3c1f35893f983945fd0335426b2a5464959e10d66ae43386a8c55ce5bb459,428601e4ac23a08ea4a15e17f91a1ad9d0169a3787d902c4b653104b0bf9a328
20260623_235638_Intuit_Senior_Pre-Sales_Engineer_Mid_Market_72e16f13,2026-06-23T23:56:38,Intuit,"Senior Pre-Sales Engineer, Mid Market",commercial,resume,command_auto_archive,presales_solution,true,15,20260623_235638_Intuit_Senior_Pre-Sales_Engineer_Mid_Market_72e16f13,e0c3c1f35893f983945fd0335426b2a5464959e10d66ae43386a8c55ce5bb459,428601e4ac23a08ea4a15e17f91a1ad9d0169a3787d902c4b653104b0bf9a328
20260623_235348_Intuit_Senior_Pre-Sales_Engineer_Mid_Market_85475a8b,2026-06-23T23:53:48,Intuit,"Senior Pre-Sales Engineer, Mid Market",commercial,resume,command_auto_archive,presales_solution,true,15,20260623_235348_Intuit_Senior_Pre-Sales_Engineer_Mid_Market_85475a8b,e0c3c1f35893f983945fd0335426b2a5464959e10d66ae43386a8c55ce5bb459,428601e4ac23a08ea4a15e17f91a1ad9d0169a3787d902c4b653104b0bf9a328
20260623_234738_Intuit_Implementation_Consultant_5a61e0ef,2026-06-23T23:47:38,Intuit,"Senior Pre-Sales Engineer, Mid Market",commercial,trace_backfill,trace_backfill,presales_solution,false,0,20260623_234738_Intuit_Implementation_Consultant_5a61e0ef,e0c3c1f35893f983945fd0335426b2a5464959e10d66ae43386a8c55ce5bb459,
20260623_234301_Intuit_Senior_Pre-Sales_Engineer_Mid_Market_090f8037,2026-06-23T23:43:01,Intuit,"Senior Pre-Sales Engineer, Mid Market",commercial,resume,command_auto_archive,presales_solution,true,15,20260623_234301_Intuit_Senior_Pre-Sales_Engineer_Mid_Market_090f8037,e0c3c1f35893f983945fd0335426b2a5464959e10d66ae43386a8c55ce5bb459,428601e4ac23a08ea4a15e17f91a1ad9d0169a3787d902c4b653104b0bf9a328
20260623_222059_Intuit_Senior_Pre-Sales_Engineer_Mid_Market_bc995f41,2026-06-23T22:20:59,Intuit,"Senior Pre-Sales Engineer, Mid Market",commercial,resume,command_auto_archive,presales_solution,true,15,20260623_222059_Intuit_Senior_Pre-Sales_Engineer_Mid_Market_bc995f41,e0c3c1f35893f983945fd0335426b2a5464959e10d66ae43386a8c55ce5bb459,428601e4ac23a08ea4a15e17f91a1ad9d0169a3787d902c4b653104b0bf9a328
20260623_222057_Guidehouse_Requirements_Documentation_Analyst_cab82958,2026-06-23T22:20:57,Guidehouse,Requirements Documentation Analyst,commercial,trace_backfill,trace_backfill,program_delivery,false,0,20260623_222057_Guidehouse_Requirements_Documentation_Analyst_cab82958,facb748a67bdba54648ceabd54042d77996af276f9c9861eefdaef6708218e13,
20260623_222056_Epiq_Advanced_Technologies_Consultant_972663f0,2026-06-23T22:20:56,Epiq,Advanced Technologies Consultant,commercial,trace_backfill,trace_backfill,analytics_operations,false,0,20260623_222056_Epiq_Advanced_Technologies_Consultant_972663f0,1dfee048a96ec9d0c650ae108b16077d7de2da663b2968a3762d8486859d78ad,
20260623_222056_Epiq_CPQ_Implementation_Consultant_Senior_6db879d3,2026-06-23T22:20:56,Epiq,"CPQ Implementation Consultant, Senior",commercial,trace_backfill,trace_backfill,implementation_delivery,false,0,20260623_222056_Epiq_CPQ_Implementation_Consultant_Senior_6db879d3,b0369faf50ce5fb42fd73e1072773c57350f01952f0e9e48b473890389443cfa,
20260623_222056_Guidehouse_ERP_Assessment_Leader_f0b57e57,2026-06-23T22:20:56,Guidehouse,ERP Assessment Leader,commercial,trace_backfill,trace_backfill,change_enablement,false,0,20260623_222056_Guidehouse_ERP_Assessment_Leader_f0b57e57,cb9394011ec7fce61691a796548d6837c4318febedb4b36fdbce1d937869e4bb,
20260623_222056_Veeva_Systems_Senior_Consultant_-_Validation_Management_Software_4c229b0c,2026-06-23T22:20:56,Veeva Systems,Senior Consultant - Validation Management Software,commercial,trace_backfill,trace_backfill,implementation_delivery,false,0,20260623_222056_Veeva_Systems_Senior_Consultant_-_Validation_Management_Software_4c229b0c,14cf041b8940b9d259a9dcceb9cd19f9af6d6079c924ca1ae6c0268e01d1e1cb,
20260623_222055_Acrisure_Solutions_Architect_7787c5dd,2026-06-23T22:20:55,Acrisure,Solutions Architect,commercial,trace_backfill,trace_backfill,implementation_delivery,false,0,20260623_222055_Acrisure_Solutions_Architect_7787c5dd,0f2757fd684fcee67de9f20ab8c30b703fda349c801b528344e9c928b9da1744,
20260623_222055_BlackLine_Principal_Presales_Consultant_5afb97df,2026-06-23T22:20:55,BlackLine,Principal Presales Consultant,commercial,trace_backfill,trace_backfill,presales_solution,false,0,20260623_222055_BlackLine_Principal_Presales_Consultant_5afb97df,48f083e289098ba300422d42ee168337a2694b0bf7a882103c2880b1d6a63298,
20260623_222055_Infor_CPQ_Implementation_Consultant_Senior_2c156f02,2026-06-23T22:20:55,Infor,"CPQ Implementation Consultant, Senior",commercial,trace_backfill,trace_backfill,implementation_delivery,false,0,20260623_222055_Infor_CPQ_Implementation_Consultant_Senior_2c156f02,f4e61a5a89198c0edd3822777f1fc3f6da700d822646385110c16020223f79b3,
20260623_222055_SiteCare_Client_Success_Advisor_7326d19d,2026-06-23T22:20:55,SiteCare,Client Success Advisor,commercial,trace_backfill,trace_backfill,customer_success,false,0,20260623_222055_SiteCare_Client_Success_Advisor_7326d19d,44f303c730804bc1c45b0915b9e650a59732e8313447f099a43cd9c3f99ad359,
20260623_222054_Acrisure_Program_Manager_73c5d6b4,2026-06-23T22:20:54,Acrisure,Program Manager,commercial,trace_backfill,trace_backfill,program_delivery,false,0,20260623_222054_Acrisure_Program_Manager_73c5d6b4,ea513033d98be25777dfb5dc865a0f0a6360fb10769561aea88fe7579842bb9f,
20260623_222053_Acme_Software_Solutions_Implementation_Consultant_16901143,2026-06-23T22:20:53,Acme Software,Solutions Implementation Consultant,commercial,trace_backfill,trace_backfill,implementation_delivery,false,0,20260623_222053_Acme_Software_Solutions_Implementation_Consultant_16901143,b8eaf5cade327beaf0423dfc63badbd6fa6aa26e5d2ddfc084fa97fa58f55c77,
20260623_222053_Analytics_Operations_Analyst_Analytics_Operations_Analyst_1c384093,2026-06-23T22:20:53,Analytics Operations Analyst,Analytics Operations Analyst,commercial,trace_backfill,trace_backfill,analytics_operations,false,0,20260623_222053_Analytics_Operations_Analyst_Analytics_Operations_Analyst_1c384093,965258ed1cb3e9b79e76dc9e0a399058a1f970b19c6bed572d31ebde41b4082d,
20260623_222053_Change_Enablement_Lead_Change_Enablement_Lead_57deaeab,2026-06-23T22:20:53,Change Enablement Lead,Change Enablement Lead,commercial,trace_backfill,trace_backfill,change_enablement,false,0,20260623_222053_Change_Enablement_Lead_Change_Enablement_Lead_57deaeab,619c2b1ea769d049f547b9724057c873ab9b5ee1ad4e784808c502b94b6ee88d,
20260623_222053_Customer_Success_Manager_Customer_Success_Manager_9cb2a846,2026-06-23T22:20:53,Customer Success Manager,Customer Success Manager,commercial,trace_backfill,trace_backfill,customer_success,false,0,20260623_222053_Customer_Success_Manager_Customer_Success_Manager_9cb2a846,40cfdb62200201ca42da35b06330ac009ee07fa258f797bae26817b6df9dabaa,
20260623_222053_Implementation_Project_Manager_Implementation_Project_Manager_75038116,2026-06-23T22:20:53,Implementation Project Manager,Implementation Project Manager,commercial,trace_backfill,trace_backfill,implementation_delivery,false,0,20260623_222053_Implementation_Project_Manager_Implementation_Project_Manager_75038116,df7a349598e1ecb35292a6dd7346f622a316892d17d590a84b2b1cdbdcaae774,
20260623_222053_Ollie_Data_Analyst_Retention_92b060a3,2026-06-23T22:20:53,Ollie,"Data Analyst, Retention",commercial,trace_backfill,trace_backfill,analytics_operations,false,0,20260623_222053_Ollie_Data_Analyst_Retention_92b060a3,b5102d07f5f992d704c14c96bd714a6616e13a9d1b626d0dc64671cd702d4b43,
20260623_222052_Acme_HealthTech_Implementation_Consultant_27353df2,2026-06-23T22:20:52,Acme HealthTech,Implementation Consultant,commercial,trace_backfill,trace_backfill,implementation_delivery,false,0,20260623_222052_Acme_HealthTech_Implementation_Consultant_27353df2,32372386166d809e04f0364425949c3a7d1ed4496ad45333f663967d65123264,
20260623_222052_Attention_to_Detail_Qualifications_1a9f6e60,2026-06-23T22:20:52,Attention to Detail,Qualifications,commercial,trace_backfill,trace_backfill,implementation_delivery,false,0,20260623_222052_Attention_to_Detail_Qualifications_1a9f6e60,55a0c6b913d4150c875f3ceeb837eca737e11a35bc0bc680d89e10ea8c851259,
20260623_222052_Clorox_Supply_Chain_Network_Optimization_Analyst_ec05f0d0,2026-06-23T22:20:52,Clorox,Supply Chain Network Optimization Analyst,commercial,trace_backfill,trace_backfill,analytics_operations,false,0,20260623_222052_Clorox_Supply_Chain_Network_Optimization_Analyst_ec05f0d0,f1c18a0220629190e4f03663ed89b4a9660f4021c2106bd5d69bdc4146e34145,
20260623_222052_Growth_Health_Technical_Implementation_Manager_90385da3,2026-06-23T22:20:52,Growth Health,Technical Implementation Manager,commercial,trace_backfill,trace_backfill,implementation_delivery,false,0,20260623_222052_Growth_Health_Technical_Implementation_Manager_90385da3,e686e94061f1fffa5f9555b4259a4ad3075cc1a2c4fc9271f87ab481f6bec65f,
20260623_222052_Quality_Systems_Senior_Implementation_Consultant_d13d8802,2026-06-23T22:20:52,Quality Systems,Senior Implementation Consultant,commercial,trace_backfill,trace_backfill,implementation_delivery,false,0,20260623_222052_Quality_Systems_Senior_Implementation_Consultant_d13d8802,620bfde550922f6090ec6b903f11c92737e0cff1156d828261e4e30a9837d534,
20260623_222050_Pearson_Lead_Specialist_Measurement_23758530,2026-06-23T22:20:50,Pearson,"Lead Specialist, Measurement",commercial,trace_backfill,trace_backfill,analytics_operations,false,0,20260623_222050_Pearson_Lead_Specialist_Measurement_23758530,34b301da2311eccb9256ce53523ae3176e000f516f14f11551ec12d374f12c0d,
20260623_222049_Apex_Revenue_Systems_Pre-Sales_Solution_Consultant_d54f58ad,2026-06-23T22:20:49,Apex Revenue Systems,Pre-Sales Solution Consultant,commercial,trace_backfill,trace_backfill,presales_solution,false,0,20260623_222049_Apex_Revenue_Systems_Pre-Sales_Solution_Consultant_d54f58ad,b9a48c416fd0f0b0ac46aa7de138686148988f44b8014bbe4f5eb86361c9fc4f,
20260623_222049_Beacon_Insights_Analytics_Operations_Analyst_d9b7cc82,2026-06-23T22:20:49,Beacon Insights,Analytics Operations Analyst,commercial,trace_backfill,trace_backfill,analytics_operations,false,0,20260623_222049_Beacon_Insights_Analytics_Operations_Analyst_d9b7cc82,e4ffdbfd5b6bd16503b8546d240435b5cc7bc2fe375545093b8cdb2a591df5f0,
20260623_222049_Department_of_the_Treasury_IT_Specialist_AI_fd155a29,2026-06-23T22:20:49,Department of the Treasury,IT Specialist (AI),commercial,trace_backfill,trace_backfill,change_enablement,false,0,20260623_222049_Department_of_the_Treasury_IT_Specialist_AI_fd155a29,a839fd64dc9fd4a3ecffb0b8eff99bf960e970b67dc1a53b4962a61085fe078a,
20260623_222049_Department_of_Veterans_Affairs_IT_Program_Manager_0ea4ecd2,2026-06-23T22:20:49,Department of Veterans Affairs,IT Program Manager,commercial,trace_backfill,trace_backfill,program_delivery,false,0,20260623_222049_Department_of_Veterans_Affairs_IT_Program_Manager_0ea4ecd2,2664ae8d980a0954bfebe1e99bb7326d9044b80c77079f22ea1120ef113646f8,
20260623_222049_Harbor_Cloud_Customer_Success_Manager_28661022,2026-06-23T22:20:49,Harbor Cloud,Customer Success Manager,commercial,trace_backfill,trace_backfill,customer_success,false,0,20260623_222049_Harbor_Cloud_Customer_Success_Manager_28661022,81e8946295c35921edcb34cb66671b2c26ea4a3c51103461f2ef6da18a73c182,
20260623_222049_Northwind_Health_Change_Enablement_Lead_e6eb15e7,2026-06-23T22:20:49,Northwind Health,Change Enablement Lead,commercial,trace_backfill,trace_backfill,change_enablement,false,0,20260623_222049_Northwind_Health_Change_Enablement_Lead_e6eb15e7,e6d7f605deeadb8c7c43bced9dd5f1693870b232a7fb9ba5ac4862bab7459cf5,
20260623_222049_Smoke_Test_Systems_Implementation_Consultant_e4e5ccc4,2026-06-23T22:20:49,Smoke Test Systems,Implementation Consultant,commercial,trace_backfill,trace_backfill,implementation_delivery,false,0,20260623_222049_Smoke_Test_Systems_Implementation_Consultant_e4e5ccc4,d1a6e497f95415d58f1eba3b59acb2c934a4c21974f2ea68f84cb131f84d5801,
20260623_222048_Guidehouse_Agile_Project_Manager_0e7abed7,2026-06-23T22:20:48,Guidehouse,Agile Project Manager,commercial,trace_backfill,trace_backfill,program_delivery,false,0,20260623_222048_Guidehouse_Agile_Project_Manager_0e7abed7,e82931f72357cf2e3147810c8dd490cd9c4b83f7c2ada40d1a2ccc2660889ffe,
20260623_222048_Procore_Senior_Solutions_Architect_710c3230,2026-06-23T22:20:48,Procore,Senior Solutions Architect,commercial,trace_backfill,trace_backfill,implementation_delivery,false,0,20260623_222048_Procore_Senior_Solutions_Architect_710c3230,365747b19e7d8e2baca7952adff28665fed698f0c10d75e9267d3a9ed8d772ce,
20260623_222047_Guidehouse_Partner_Success_Analyst_788daa86,2026-06-23T22:20:47,Guidehouse,Partner Success Analyst,commercial,trace_backfill,trace_backfill,analytics_operations,false,0,20260623_222047_Guidehouse_Partner_Success_Analyst_788daa86,69ca8a02dd85a9eec4e6535387d61212b01ece8560b1ff8427e302497b48efeb,
20260623_222047_Ollie_Data_Analyst_Retention_c0a3df2b,2026-06-23T22:20:47,Ollie,"Data Analyst, Retention",commercial,trace_backfill,trace_backfill,customer_success,false,0,20260623_222047_Ollie_Data_Analyst_Retention_c0a3df2b,6d2fb4c990b9172b7ca8eac7f1a23d05998569cf040d7e062db39ec6a24f13a1,
20260623_222046_JFrog_Senior_Technical_Project_Manager_3784644e,2026-06-23T22:20:46,JFrog,Senior Technical Project Manager,commercial,trace_backfill,trace_backfill,program_delivery,false,0,20260623_222046_JFrog_Senior_Technical_Project_Manager_3784644e,eb4181d4b02a82ae5f07f367cfc4311001caaadf3fba237308da9597fad77fac,
20260623_222046_JFrog_Technical_Success_Manager_a475e5c0,2026-06-23T22:20:46,JFrog,Technical Success Manager,commercial,trace_backfill,trace_backfill,customer_success,false,0,20260623_222046_JFrog_Technical_Success_Manager_a475e5c0,69d78657fb3eeceffdbc094802660021b08c785e1984f8f68841e7a77b1a4aed,
20260623_222045_BlackLine_Principal_Presales_Consultant_03caf0c8,2026-06-23T22:20:45,BlackLine,Principal Presales Consultant,commercial,trace_backfill,trace_backfill,presales_solution,false,0,20260623_222045_BlackLine_Principal_Presales_Consultant_03caf0c8,27c1911793db571b223a75cc1f684d6352235d4dbd51e632676358619028c193,
20260623_222045_Logistics_Management_Specialist_Logistics_Management_Specialist_1e4dc386,2026-06-23T22:20:45,Logistics Management Specialist,Logistics Management Specialist,commercial,trace_backfill,trace_backfill,implementation_delivery,false,0,20260623_222045_Logistics_Management_Specialist_Logistics_Management_Specialist_1e4dc386,08e3da913eab67f81eea686144663a34aec71e1a0d3a4c8524e6b937e7e260d7,
20260623_222044_Acumatica_ERP_Implementation_Consultant_c4803f3e,2026-06-23T22:20:44,Acumatica,ERP Implementation Consultant,commercial,trace_backfill,trace_backfill,implementation_delivery,false,0,20260623_222044_Acumatica_ERP_Implementation_Consultant_c4803f3e,172bfa7be3f3bd8c807aaa2ee9dbc73cd53f578f03c3336a610b51cf8fdeb076,
20260623_222044_CSC_Corptax_Senior_Software_Product_Consultant_b3aa8ce0,2026-06-23T22:20:44,CSC Corptax,Senior Software Product Consultant,commercial,trace_backfill,trace_backfill,program_delivery,false,0,20260623_222044_CSC_Corptax_Senior_Software_Product_Consultant_b3aa8ce0,1f9d634ba485a993e7f08cd1557523cd1c6d43babc0c5f3b3ebb395dc21349e7,
20260623_222044_Pearl_Customer_Success_Operations_cab42102,2026-06-23T22:20:44,Pearl,Customer Success Operations,commercial,trace_backfill,trace_backfill,customer_success,false,0,20260623_222044_Pearl_Customer_Success_Operations_cab42102,4c7ed8279c02c392b49f4c0ca738a71332a5a6c9b16c9eab4bef6d771d1a9a80,
20260623_222044_Sourcewell_Senior_Solution_Consultant_effd946f,2026-06-23T22:20:44,Sourcewell,Senior Solution Consultant,commercial,trace_backfill,trace_backfill,change_enablement,false,0,20260623_222044_Sourcewell_Senior_Solution_Consultant_effd946f,29e2db7279585a4c3c6732dbe32b37e7e9cf604ae5fbb0f575714c787617685d,
20260623_222043_AlphaSense_Implementation_Consultant_Large_Deployments_520de224,2026-06-23T22:20:43,AlphaSense,"Implementation Consultant, Large Deployments",commercial,trace_backfill,trace_backfill,program_delivery,false,0,20260623_222043_AlphaSense_Implementation_Consultant_Large_Deployments_520de224,37488449f40f48d1f6990b0eae85e9b3c1a8475cee4e5f482e47d5f300897d30,
20260623_222043_CSC_Corptax_Senior_Software_Product_Consultant_c109a386,2026-06-23T22:20:43,CSC Corptax,Senior Software Product Consultant,commercial,trace_backfill,trace_backfill,program_delivery,false,0,20260623_222043_CSC_Corptax_Senior_Software_Product_Consultant_c109a386,078010a74d923701fb2ea8aa791314a8192f728f567220d0125572626d313a21,
20260623_222042_Blackboard_Technical_Strategist_730f51ad,2026-06-23T22:20:42,Blackboard,Technical Strategist,commercial,trace_backfill,trace_backfill,corporate_strategy,false,0,20260623_222042_Blackboard_Technical_Strategist_730f51ad,f9a3aac12f88de29024e349609ab0beb539cfa21bf2834a95f8892f53fb4a149,
20260623_222042_Dematic_Solution_Consultant_775ceee9,2026-06-23T22:20:42,Dematic,Solution Consultant,commercial,trace_backfill,trace_backfill,implementation_delivery,false,0,20260623_222042_Dematic_Solution_Consultant_775ceee9,fb087f86517f42d8f7b7d408557c034b8588736879d7cc07dc8508f12f7b86b7,
20260623_222039_micro1_Professional_Services_Consultant_bbf731e5,2026-06-23T22:20:39,micro1,Professional Services Consultant,commercial,trace_backfill,trace_backfill,corporate_strategy,false,0,20260623_222039_micro1_Professional_Services_Consultant_bbf731e5,6f20b48d749d0e7f82dbf7de3b06190acf18e10ebab4f1c153b7c64729701e23,
20260623_222039_SailPoint_Advisory_Solution_Consultant_eb6a31ed,2026-06-23T22:20:39,SailPoint,Advisory Solution Consultant,commercial,trace_backfill,trace_backfill,presales_solution,false,0,20260623_222039_SailPoint_Advisory_Solution_Consultant_eb6a31ed,c64a55fdcc0a49ff35e0f510be65d27120f7039ebd4ee3263ba4d1f9440adefe,
20260623_222039_Spotnana_Solutions_Consultant_e75e06e5,2026-06-23T22:20:39,Spotnana,Solutions Consultant,commercial,trace_backfill,trace_backfill,presales_solution,false,0,20260623_222039_Spotnana_Solutions_Consultant_e75e06e5,8ee6de9bce6f16fbe3043648f651e065cfad2a374b1940bf7da6a266079f8e7a,
20260623_222039_Stord_Solutions_Consultant_463abde4,2026-06-23T22:20:39,Stord,Solutions Consultant,commercial,trace_backfill,trace_backfill,presales_solution,false,0,20260623_222039_Stord_Solutions_Consultant_463abde4,c7cb1d0008eb337086c554f166c54cdb07ae715b9690804d9950defee3a4d924,
20260623_222039_Twin_Health_Sales_Solutions_Consultant_2fe8f0a5,2026-06-23T22:20:39,Twin Health,Sales Solutions Consultant,commercial,trace_backfill,trace_backfill,change_enablement,false,0,20260623_222039_Twin_Health_Sales_Solutions_Consultant_2fe8f0a5,0dfeac8d2418c5eaa2ba3289e3b7c40d05d10c15e5d8b341229139f5ebfbf261,
20260623_222038_Dayforce_HCM_Benefits_Implementation_Consultant_8ab97284,2026-06-23T22:20:38,Dayforce HCM,Benefits Implementation Consultant,commercial,trace_backfill,trace_backfill,implementation_delivery,false,0,20260623_222038_Dayforce_HCM_Benefits_Implementation_Consultant_8ab97284,1eca5c3167077e0b12cb2856b836f727921ed0e5308a785ccd2a3e4c62ebe328,
20260623_222038_Euna_Solutions_Solutions_Consultant_7f88ed25,2026-06-23T22:20:38,Euna Solutions,Solutions Consultant,commercial,trace_backfill,trace_backfill,presales_solution,false,0,20260623_222038_Euna_Solutions_Solutions_Consultant_7f88ed25,527aaccd05379069f53290994def937fd097368f83eb1143bf8a78f66ee40462,
20260623_222038_GoFundMe_Senior_Specialist_Knowledge_Management_fb481749,2026-06-23T22:20:38,GoFundMe,"Senior Specialist, Knowledge Management",commercial,trace_backfill,trace_backfill,change_enablement,false,0,20260623_222038_GoFundMe_Senior_Specialist_Knowledge_Management_fb481749,922454c6441523d6874d72614a36ecec648ba5533d90e0b6bf5aa36dadc80295,
20260623_222038_Juniper_Square_Senior_Technical_Consultant_8e3b7a9d,2026-06-23T22:20:38,Juniper Square,Senior Technical Consultant,commercial,trace_backfill,trace_backfill,implementation_delivery,false,0,20260623_222038_Juniper_Square_Senior_Technical_Consultant_8e3b7a9d,f631b1f3c99df208fa63934b700770f97b0c363197d0a705c758893b862dde67,
20260623_222038_OMP_Supply_Chain_Implementation_Consultant_0e8d88bd,2026-06-23T22:20:38,OMP,Supply Chain Implementation Consultant,commercial,trace_backfill,trace_backfill,implementation_delivery,false,0,20260623_222038_OMP_Supply_Chain_Implementation_Consultant_0e8d88bd,bc648dd8be2c62d687260d77572c539e55338fa4866fa6ba6c3f4c06ff3c992a,
20260623_222038_Toast_Senior_Program_Manager_Growth_Enablement_76d95a9e,2026-06-23T22:20:38,Toast,"Senior Program Manager, Growth Enablement",commercial,trace_backfill,trace_backfill,program_delivery,false,0,20260623_222038_Toast_Senior_Program_Manager_Growth_Enablement_76d95a9e,e470fb67631861d6a8cf17c9f2ea22f12b2cd17026419229aa9a1eb1670063be,
20260623_222037_Guidehouse_Managing_Consultant_-_Life_Sciences_Advisory_-_Market_Access_5f85b1a1,2026-06-23T22:20:37,Guidehouse,Managing Consultant - Life Sciences Advisory - Market Access,commercial,legacy_import,legacy_named_job_file,corporate_strategy,false,0,20260623_222037_Guidehouse_Managing_Consultant_-_Life_Sciences_Advisory_-_Market_Access_5f85b1a1,5353a2014787eb5decbe70ab65d164ffaf3469e7c430b9668df98d4baaebd9a7,
20260623_222037_M-Tech_Systems_Implementation_Specialist_Project_Consultant_f02cef2d,2026-06-23T22:20:37,M-Tech Systems,Implementation Specialist (Project Consultant),commercial,legacy_import,legacy_named_job_file,implementation_delivery,false,0,20260623_222037_M-Tech_Systems_Implementation_Specialist_Project_Consultant_f02cef2d,073a95aa1da71fca5e63b8a49b79551d5c1df4822aff1c413a0d5698498c9a3e,
20260623_222037_Shopify_Professional_Services_Delivery_Manager_9959d2bd,2026-06-23T22:20:37,Shopify,Professional Services Delivery Manager,commercial,trace_backfill,trace_backfill,program_delivery,false,0,20260623_222037_Shopify_Professional_Services_Delivery_Manager_9959d2bd,2f58cce6faa588ca229fed166b401d07750ad0e6b9d72269921d6b1bfc2fc7ea,
20260623_222037_Shopify_Solutions_Engineer_8b0f0c23,2026-06-23T22:20:37,Shopify,Solutions Engineer,commercial,trace_backfill,trace_backfill,presales_solution,false,0,20260623_222037_Shopify_Solutions_Engineer_8b0f0c23,bfcf2f310d564b8c0f17725b23e9d8e00b60b02fd95f048b35d3e8cb105d47b0,
20260623_222037_State_Farm_Digital_Marketing_Data_Analyst_-_Digital_Channel_Performance_12981cca,2026-06-23T22:20:37,State Farm,Digital Marketing Data Analyst - Digital Channel Performance,commercial,legacy_import,legacy_named_job_file,analytics_operations,false,0,20260623_222037_State_Farm_Digital_Marketing_Data_Analyst_-_Digital_Channel_Performance_12981cca,c55b7b07096097326db1d02566be5ce357a9eecbdc5537f3086c9581d0cc905d,
20260623_222036_Acumatica_ERP_Implementation_Consultant_5bb29e84,2026-06-23T22:20:36,Acumatica,ERP Implementation Consultant,commercial,legacy_import,legacy_named_job_file,implementation_delivery,false,0,20260623_222036_Acumatica_ERP_Implementation_Consultant_5bb29e84,107c5dbab0a88c1ff6f27dd97fbb935fbe097d0aa0b507f06a9d2452360dd3c1,
20260623_222036_Aptean_Lead_Implementation_Consultant_ERP_Apparel_0d5bbb36,2026-06-23T22:20:36,Aptean,"Lead Implementation Consultant, ERP (Apparel)",commercial,legacy_import,legacy_named_job_file,implementation_delivery,false,0,20260623_222036_Aptean_Lead_Implementation_Consultant_ERP_Apparel_0d5bbb36,5261d8ee88d013c7b43b4f47ff4be9e375d68664a9feeb483df7107fc5a7112c,
20260623_222036_Barracuda_Partner_Success_Manager_I_5450c500,2026-06-23T22:20:36,Barracuda,Partner Success Manager I,commercial,legacy_import,legacy_named_job_file,customer_success,false,0,20260623_222036_Barracuda_Partner_Success_Manager_I_5450c500,49102884848389f045120ab43bad7368dc4dd180efb88b2b4b6150228a0c749a,
20260623_222036_BioTouch_Solutions_Implementation_Consultant_62772b05,2026-06-23T22:20:36,BioTouch,Solutions Implementation Consultant,commercial,legacy_import,legacy_jd_library,implementation_delivery,false,0,20260623_222036_BioTouch_Solutions_Implementation_Consultant_62772b05,859edf836fa134a0245c0419947b6370559dd4ef6d5ea979699897f5b606b2a5,
20260623_222036_BlueCherry_Integrations_Functional_Consultant_46911d16,2026-06-23T22:20:36,BlueCherry,Integrations Functional Consultant,commercial,legacy_import,legacy_named_job_file,implementation_delivery,false,0,20260623_222036_BlueCherry_Integrations_Functional_Consultant_46911d16,df7deebc1263292579d8f3c6fd2e494cd073b96c74545188a69159e28ba55f73,
20260623_222036_Circana_Business_Insights_and_Technology_Consultant_e09222a2,2026-06-23T22:20:36,Circana,Business Insights and Technology Consultant,commercial,legacy_import,legacy_named_job_file,implementation_delivery,false,0,20260623_222036_Circana_Business_Insights_and_Technology_Consultant_e09222a2,80653f10a5e652c1553ba63d1ac7b7e58dfefcb19c4f1daefb1fc26a1035d1b8,
20260623_222036_Guidehouse_Senior_Consultant_-_Organizational_Change_Management_-_Healthcar_d775911e,2026-06-23T22:20:36,Guidehouse,Senior Consultant - Organizational Change Management - Healthcare Technology Con,commercial,legacy_import,legacy_named_job_file,change_enablement,false,0,20260623_222036_Guidehouse_Senior_Consultant_-_Organizational_Change_Management_-_Healthcar_d775911e,f4407b9fcbaab16b58b543f26df4250148cda60c02ff25e07fc76d0809b56a0e,
